pdb_id,entity_id,sequence_identity,evalue,score,Resolution,Pubmed_id,Polymer,Assembly,Method,pH,Temp,pdbx_details,pdbx_pH_range,Non_polymers
4KSO,1,100.0,1.789e-60,0.8174,2.622,23796516,uni_pol,tetrameric,'VAPOR DIFFUSION',5.7,292.0,";KaiB were grown from droplets containing 6.5 mg/mL KaiB-KaiC complex, 20 mM Tris (pH 7.8), 100 mM NaCl, 5 mM MgCl2,1 mM ATP and 2 mM BME. The reservoir solution was 100 mM sodium acetate, 500 mM sodium formate and 5% glycerol (v/v), VAPOR DIFFUSION, temperature 292K
;",,
1R5P,1,87.6,2.59e-50,0.6879,2.20,15071498,uni_pol,dimeric(*),"'VAPOR DIFFUSION, HANGING DROP'",7.0,298.0,"'PEG 400, pH 7.0, VAPOR DIFFUSION, HANGING DROP, temperature 298.0K'",,
1WWJ,1,87.8,3.553e-50,0.6856,1.90,15716274,uni_pol,tetrameric,'VAPOR DIFFUSION',6.0,298.0,"'betaine, pH 6.0, VAPOR DIFFUSION, temperature 298.0K'",,{'view_3d_url': 'https://www.rcsb.org/3d-view/1WWJ'}
2QKE,1,88.8,1.259e-49,0.6788,2.7,18497745,uni_pol,tetrameric(*),"'VAPOR DIFFUSION, HANGING DROP'",5.0,293.0,"'10% PEG 3350, 10% DMSO, 0.1M ACETATE BUFFER, pH 5.0, VAPOR DIFFUSION, HANGING DROP, temperature 293K'",,
1VGL,1,87.8,8.395e-49,0.6697,2.6,16227211,uni_pol,tetrameric(*),"'VAPOR DIFFUSION, HANGING DROP'",4.5,293.0,"'PEG 3350, DMSO, acetate, pH 4.5, VAPOR DIFFUSION, HANGING DROP, temperature 293K'",,{'view_3d_url': 'https://www.rcsb.org/3d-view/1VGL'}
5JWQ,2,85.8,1.815e-46,0.6356,3.871,28302851,complex,dodecameric,"'VAPOR DIFFUSION, HANGING DROP'",5.75,295.0,'0.1M Sodium citrate pH 5.75 and 22% PEG3000',,{'view_3d_url': 'https://www.rcsb.org/3d-view/5JWQ'}
5JWO,2,84.8,3.126e-45,0.6242,1.800,28302851,complex,dimeric,"'VAPOR DIFFUSION, HANGING DROP'",,295.0,"'0.2M Potassium Acetate, 10% (w/v) PEG3350, and 2.5% glycerol'",,{'view_3d_url': 'https://www.rcsb.org/3d-view/5JWO'}
5JWR,2,84.8,3.126e-45,0.6242,2.610,28302851,complex,tetrameric(*),"'VAPOR DIFFUSION, HANGING DROP'",7.0,295.0,"'0.15M Ammonium Sulfate, 0.1M Tris pH 7.0, 10% PEG 4000'",,{'view_3d_url': 'https://www.rcsb.org/3d-view/5JWR'}
