pdb_id,entity_id,sequence_identity,evalue,score,Resolution,Pubmed_id,Polymer,Assembly,Method,pH,Temp,pdbx_details,pdbx_pH_range,Non_polymers,compound
1AKI,1,100.0,1.4129999999999998e-88,0.821,1.5,-1,uni_pol,monomeric,,4.48,,'pH 4.48',,,
1BGI,1,100.0,1.4129999999999998e-88,0.821,1.7,10089401,uni_pol,monomeric,'batch method',4.7,310.0,";CRYSTALLIZATION WAS PERFORMED BY THE BATCH METHOD AT 310 K. THE SAME WAY AS DESCRIBED BY JOLLES AND BERTHOU (1972)., pH 4.7, batch method
;",,{'view_3d_url': 'https://www.rcsb.org/3d-view/1BGI'},
1BHZ,1,100.0,1.4129999999999998e-88,0.821,3.9,10089406,uni_pol,monomeric,,,,'PROTEIN WAS CRYSTALLIZED FROM SODIUM CHLORIDE SOLUTIONS',,,'sodium chloride' (nan)
1BVX,1,100.0,1.4129999999999998e-88,0.821,1.8,10089304,uni_pol,monomeric,'grown in gelled protein solution with agarose',4.5,,";HEWL CRYSTALS WERE GROWN IN A GELLED PROTEIN SOLUTION WITH AGAROSE (SIGMA, TYPE VII: OF LOW GELLING TEMPERATURE), 4 % MPD IN ACETATE BUFFER (PH 4.5), THE PRECIPITATING AGENT SOL MPD IN BUFFER. THE GLASS TUBE USED WAS 6 CM TALL WITH AN IN CRYSTALS OF TYPICAL DIMENSIONS $SIM$0.7 $TIMES$ 0.6 $TIM, grown in gelled protein solution with agarose
;",,,"'MPD' (4%), 'MPD' (nan)"
1C10,1,100.0,1.4129999999999998e-88,0.821,2.03,9443341,uni_pol,monomeric,,5.5,,"'SODIUM CHLORIDE, PH = 5.5'",,{'view_3d_url': 'https://www.rcsb.org/3d-view/1C10'},'sodium chloride' (nan)
1DQJ,3,100.0,1.4129999999999998e-88,0.821,2.0,10828942,complex,trimeric,"'VAPOR DIFFUSION, HANGING DROP'",4.6,298.0,"'PEG 4K, Ammonium acetate, sodium acetate, pH 4.6, VAPOR DIFFUSION, HANGING DROP, temperature 298K'",,,"'PEG 4000' (nan), 'ammonium acetate' (nan), 'sodium acetate' (nan)"
1F10,1,100.0,1.4129999999999998e-88,0.821,1.7,10957630,uni_pol,monomeric,,6.5,,'pH 6.5',,,
1G7H,3,100.0,1.4129999999999998e-88,0.821,1.85,11112523,complex,trimeric,"'VAPOR DIFFUSION, HANGING DROP'",6.0,298.0,"'15-18% poly(ethylene glycol) 8000; 0.1 M potassium phosphate, pH 6.0, VAPOR DIFFUSION, HANGING DROP, temperature 298K'",,,"'PEG 8000' (16.5%), 'Potassium phosphate' (0.1 M)"
1G7J,3,100.0,1.4129999999999998e-88,0.821,1.75,11112523,complex,trimeric,"'VAPOR DIFFUSION, HANGING DROP'",6.5,298.0,"'15-18% poly(ethylene glycol) 8000; 0.1 M potassium phosphate, pH 6.5, VAPOR DIFFUSION, HANGING DROP, temperature 298K'",,,"'PEG 8000' (16.5%), 'Potassium phosphate' (0.1 M)"
1GPQ,2,100.0,1.4129999999999998e-88,0.821,1.6,17405861,complex,tetrameric,,9.0,,"'15% PEG 4000, 5% GLYCEROL, CHES BUFFER 0.1M PH 9.0, PROTEIN CONCENTRATION: 5MG.ML-1'",,,"'PEG 4000' (15%), 'glycerol' (5%), 'CHES' (nan)"
1GWD,1,100.0,1.4129999999999998e-88,0.821,1.77,12037300,uni_pol,monomeric,,4.7,,";2M NACL, 0.025M SODIUM ACETATE AT PH4.7,0.1% SODIUM AZIDE, 25% ETHYLENE GLYCOL AND THEN SOAKED IN AN EQUIVALENT SOLUTION WITH 50MM KI/50MM I2., pH 4.70
;",,{'view_3d_url': 'https://www.rcsb.org/3d-view/1GWD'},"'sodium chloride' (2 M), 'sodium acetate' (0.025 M), 'ethylene glycol' (25%), 'potassium iodide' (50 mM)"
1HSX,1,100.0,1.4129999999999998e-88,0.821,1.9,10089340,uni_pol,monomeric,,9.6,,'pH 9.6',,,
1IC4,3,100.0,1.4129999999999998e-88,0.821,2.5,11297547,complex,trimeric,"'VAPOR DIFFUSION, HANGING DROP'",7.6,293.0,"'HEPES, MPD, PEG6000, pH 7.6, VAPOR DIFFUSION, HANGING DROP, temperature 293K'",,,"'HEPES' (nan), 'MPD' (nan), 'PEG 6000' (nan)"
1IC5,3,100.0,1.4129999999999998e-88,0.821,2.3,11297547,complex,trimeric,"'VAPOR DIFFUSION, HANGING DROP'",7.6,293.0,"'HEPES, PEG6000, MPD, pH 7.6, VAPOR DIFFUSION, HANGING DROP, temperature 293K'",,,"'HEPES' (nan), 'PEG 6000' (nan), 'MPD' (nan)"
1JIT,1,100.0,1.4129999999999998e-88,0.821,1.9,11679726,uni_pol,monomeric,'LIQUID DIFFUSION',4.6,293.0,"'Na-acetate buffer, pH 4.6, 10% NaCl, 30% trehalose, LIQUID DIFFUSION at 293K'",,,"'acetate buffer' (nan), 'sodium chloride' (10%), 'Trehalose' (30%)"
1JIY,1,100.0,1.4129999999999998e-88,0.821,1.9,11679726,uni_pol,monomeric,'LIQUID DIFFUSION',4.6,293.0,"'Na-acetate buffer, pH 4.6, 10% NaCl, 20% sorbitol, LIQUID DIFFUSION at 293K'",,,"'acetate buffer' (nan), 'sodium chloride' (10%), 'Sorbitol' (20%)"
1JTO,2,100.0,1.4129999999999998e-88,0.821,2.5,11676532,complex,dimeric(*),"'VAPOR DIFFUSION, HANGING DROP'",6.4,300.0,"'PEG 8000, potassium phosphate, , pH 6.4, VAPOR DIFFUSION, HANGING DROP, temperature 300K'",,,"'PEG 8000' (nan), 'Potassium phosphate' (nan)"
1LJ3,1,100.0,1.4129999999999998e-88,0.821,2.0,12077436,uni_pol,monomeric(*),'LIQUID DIFFUSION',4.6,298.0,";Sodium Acetate (0.1M) Buffer, Sodium Nitrate (0.44M) Precipitant, pH 4.6, 
LIQUID DIFFUSION at 298K
;",,{'view_3d_url': 'https://www.rcsb.org/3d-view/1LJ3'},"'sodium acetate' (0.1 M), 'sodium nitrate' (0.44 M)"
1LJK,1,100.0,1.4129999999999998e-88,0.821,2.1,12077436,uni_pol,monomeric(*),'LIQUID DIFFUSION',4.6,293.0,";Sodium Acetate(0.1M)-Buffer, Sodium Nitrate (0.44M)-Precipitant, 
Trehalose(0.44M) - Additive, pH 4.6, LIQUID DIFFUSION at 293K
;",,{'view_3d_url': 'https://www.rcsb.org/3d-view/1LJK'},"'sodium acetate' (0.1 M), 'sodium nitrate' (0.44 M), 'Trehalose' (0.44 M)"
1LKR,1,100.0,1.4129999999999998e-88,0.821,1.6,9757091,uni_pol,monomeric(*),,8.0,,"'1% PROTEIN, 200 MMOLAR ACETATE BUFFER, PH 8, 5% SODIUM IODIDE, pH 8.0'",,{'view_3d_url': 'https://www.rcsb.org/3d-view/1LKR'},"'acetate buffer' (nan), 'Sodium iodide' (5%)"
1LKS,1,100.0,1.4129999999999998e-88,0.821,1.1,9757091,uni_pol,monomeric,,,,";THE CRYSTALS WERE GROWN IN THE PRESENCE OF BROMO PHENYL BLUE (BPB), AND THE CRYSTALS WERE DARK BLUE, ALMOST BLACK. HOWEVER, NO RELIABLE TRACE OF THE BPB WAS FOUND.
;",,{'view_3d_url': 'https://www.rcsb.org/3d-view/1LKS'},
