PDB_ID,Entity,Score,Seq_id,E-value,Resolution,Pubmed_id,Method,pH,Temp,Ligands,Polymer,Assembly,pdbx_pH_range,pdbx_details,Compounds(con_unit=mM),PEG_Id,PEG_con
8EUA,1,1.0,1.0,4.184e-221,3.1,36977673.0,"'VAPOR DIFFUSION, SITTING DROP'",,289.0,"WUK, ZN, SO4",uni_pol,monomeric,,"'PEG 3350, CaCl2, CdCl2 and CoCl3'","PEG 3350 (None), calcium chloride (None), cocl3 (None)",3350,
6WUU,1,1.0,1.0,4.184e-221,2.79,33067239.0,"'VAPOR DIFFUSION, SITTING DROP'",,291.0,"ZN, MG",complex,dimeric(*),,'Ammonium Sulfate',ammonium sulfate (None),,
9Z6C,1,0.9935794542536116,1.0,9.782e-220,2.06,41557701.0,"'VAPOR DIFFUSION, SITTING DROP'",,290.15,"A1C1A, CL, ZN",uni_pol,monomeric(*),,'3.5 M Sodium formate',sodium formate (3500.0),,
7CMD,1,0.9935794542536116,1.0,9.782e-220,2.59,32895623.0,"'VAPOR DIFFUSION, HANGING DROP'",5.6,296.0,"ZN, TTT",uni_pol,monomeric(*),,"'0.24M ammonium acetate,0.1M sodium citrate pH5.6,24% PEG4000'","ammonium acetate (240.0), sodium citrate (100.0), PEG 4000 (None)",4000,
6WX4,1,1.0,1.0,4.184e-221,1.655,33067239.0,"'VAPOR DIFFUSION, SITTING DROP'",8.5,291.0,ZN,complex,dimeric,,"'0.8 M Potassium sodium tartrate tetrahydrate, 0.1 M Tris HCl pH 8.5 and 0.5% w/v Polyethylene glycol monomethyl ether 5,000'","potassium sodium tartrate (800.0), tris-HCl (100.0), PEG MME 5000 (0.5% w/v)",,0.5
9BRX,1,1.0,1.0,4.184e-221,1.8,39140055.0,"'VAPOR DIFFUSION, HANGING DROP'",,291.0,"A1ASL, ZN, SO4",uni_pol,monomeric,,"'0.2M sodium citrate, 15%-25% PEG3350'","sodium citrate (200.0), PEG 3350 (20.0%)",3350,20.0
9HHG,1,0.9935794542536116,1.0,9.782e-220,1.95,,"'VAPOR DIFFUSION, HANGING DROP'",8.0,293.15,"GOL, ZN, CL",uni_pol,dimeric,,"'1.45 M Ammonium Sulfate, 0.1 M Bicine pH 8, 10 % Glycerol'","ammonium sulfate (1450.0), bicine (100.0), glycerol (10%)",,
9HHI,1,0.9935794542536116,1.0,9.782e-220,2.7,,"'VAPOR DIFFUSION, HANGING DROP'",8.0,293.15,"GOL, ZN, CL, SO4",uni_pol,dimeric,,"'1.45 M Ammonium Sulfate, 0.1 M Bicine pH 8, 10 % Glycerol'","ammonium sulfate (1450.0), bicine (100.0), glycerol (10%)",,
6XA9,1,0.9919743178170144,1.0,1.837e-219,2.9,32845033.0,"'VAPOR DIFFUSION, HANGING DROP'",6.5,293.0,"GOL, ZN",complex,dimeric(*),,"'0.2 M lithium sulfate, 25% PEG3350, 0.1 M Bis-Tris chloride, pH 6.5'","lithium sulfate (200.0), PEG 3350 (25%), bis-tris chloride (100.0)",3350,25
6XAA,1,0.9919743178170144,1.0,1.837e-219,2.7,32845033.0,"'VAPOR DIFFUSION, SITTING DROP'",8.5,293.0,ZN,complex,dimeric,,"'30% PEG4000, 0.2 M sodium acetate, 0.1 M Tris chloride, pH 8.5'","PEG 4000 (30%), sodium acetate (200.0), tris-HCl (100.0)",4000,30
9Z6B,1,0.9935794542536116,1.0,9.782e-220,2.7,41557701.0,"'VAPOR DIFFUSION, SITTING DROP'",8.2,277.15,"ZN, A1C09",uni_pol,monomeric,,'1.8 M sodium/potassium phosphate pH 8.2',"sodium hydrogen phosphate (1800.0), potassium dihydrogen phosphate (1800.0)",,
9OR4,1,0.9903691813804173,1.0,4.73e-219,2.43,41557701.0,"'VAPOR DIFFUSION, HANGING DROP'",7.5,298.0,"ZN, A1CEE",uni_pol,monomeric(*),,"'25-32% PEG 3350, 0.1-0.38M K/Na tartrate tetrahydrate, 0.1M Bis-Tris propane, pH 7.5'","PEG 3350 (28.5%), potassium sodium tartrate (240.0), bis-tris propane (100.0)",3350,28.5
7JRN,1,0.9887640449438202,1.0,8.885e-219,2.48,34341772.0,"'VAPOR DIFFUSION, HANGING DROP'",8.5,298.0,"TTT, ZN, SO4",uni_pol,monomeric(*),,";30 % PEG 4,000
0.2 M Li2SO4
0.1 M Tris pH 8.5
;","PEG 4000 (30%), lithium sulfate (200.0), tris (100.0)",4000,30
7JIW,1,0.9887640449438202,1.0,8.885e-219,2.3,33531496.0,"'VAPOR DIFFUSION, HANGING DROP'",6.0,277.0,"VBY, ZN, CL, MES",uni_pol,monomeric,,"'0.1 M MES buffer, 0.2 M zinc acetate, 10% PEG 8000, 4 mM PLP_Snyder530'","MES (100.0), zinc(II) acetate (200.0), PEG 8000 (10%), plp_snyder530 (4.0)",8000,10
7NFV,1,0.9887640449438202,1.0,8.885e-219,1.42,35953531.0,'VAPOR DIFFUSION',7.5,277.0,"ZN, GOL, CL, PO4",uni_pol,monomeric,,";1.0M NaH2PO4/1.0MKH2PO4
100mM Tris_HCl pH=7.5
;","nah2po4/10mkh2po4 (1000.0), tris-HCl (100)",,
7NT4,1,0.9887640449438202,1.0,8.885e-219,2.68,35021060.0,"'VAPOR DIFFUSION, SITTING DROP'",6.5,298.0,"PRL, EDO, ZN, SO4",uni_pol,monomeric(*),,";0.05 M Sodium cacodylate pH 6.5 
0.2 M Potassium chloride,
 0.1 M Magnesium acetate  
10 %(w/v) PEG 8000
;","sodium cacodylate (50.0), potassium chloride (200.0), magnesium acetate (100.0), PEG 8000 (10% w/v)",8000,10
7LLZ,1,0.9887640449438202,1.0,8.885e-219,2.9,33594371.0,"'VAPOR DIFFUSION, HANGING DROP'",6.5,287.0,"Y61, ZN, SO4",uni_pol,monomeric(*),13-16,"'0.1M MIB buffer pH 6.5, 0.2 M (NH4)2SO4, 13-16% PEG 3350, 20% glycerol'","ammonium sulfate (200.0), PEG 3350 (14.5%), glycerol (20%), sodium malonate (100.0), imidazole (100.0), boric acid (100.0)",3350,14.5
7LBS,1,0.9887640449438202,1.0,8.885e-219,2.8,33594371.0,"'VAPOR DIFFUSION, HANGING DROP'",6.5,289.0,"ZN, SO4, BO3, GOL, XR8",uni_pol,monomeric(*),13-16,"'0.1M MIB buffer pH 6.5, 0.2M (NH4)2SO4, 13-16% PEG 3350, 20% glycerol'","ammonium sulfate (200.0), PEG 3350 (14.5%), glycerol (20%), sodium malonate (100.0), imidazole (100.0), boric acid (100.0)",3350,14.5
7QCM,1,0.9887640449438202,1.0,8.885e-219,1.77,35480391.0,"'VAPOR DIFFUSION, SITTING DROP'",8.0,277.0,"ZN, PO4, CL, GOL, A3X",uni_pol,monomeric,,"'0.1 M Tris-HCl pH 8.0, 10% glycerol, 0.8 M sodium dihydrogenphosphate, 1.2 M potassium hydrogenphosphate'","tris-HCl (100.0), glycerol (10%), sodium dihydrogen phosphate (800.0), potassium hydrogen phosphate (1200.0)",,
7QCJ,1,0.9887640449438202,1.0,8.885e-219,1.84,35480391.0,"'VAPOR DIFFUSION, SITTING DROP'",8.0,277.0,"CL, PO4, ZN, A4O, GOL",uni_pol,monomeric,,"'0.1 M Tris-HCl pH 8.0, 10% glycerol, 0.8 M sodium dihydrogenphosphate, 1.2 M potassium hydrogenphosphate'","tris-HCl (100.0), glycerol (10%), sodium dihydrogen phosphate (800.0), potassium hydrogen phosphate (1200.0)",,
8CX9,1,0.9887640449438202,1.0,8.885e-219,3.5,36548304.0,"'VAPOR DIFFUSION, HANGING DROP'",6.3,281.0,"CL, NA, BR, ZN",complex,trimeric(*),,";14.86 mg/ml SARS-CoV2C111S/UbV.CV2.1,  
20% PEG 3350, 0.2 M sodium bromide, 0.1 M BIS-TRIS propane (pH 6.3), 50 mM lithium chloride.  Cryoprotected in the same buffer plus 30% glycerol
;","sars-cov2c111s/ubvcv21 (14.86), PEG 3350 (20%), sodium bromide (200.0), bis-tris propane (100.0), lithium chloride (50.0)",3350,20
8IHO,1,0.9887640449438202,1.0,8.885e-219,2.55,37239980.0,"'VAPOR DIFFUSION, SITTING DROP'",,293.0,ZN,complex,tetrameric,,"'0.2 M sodium bromide, 20% w/v PEG 3350'","sodium bromide (200.0), PEG 3350 (20% w/v)",3350,20
9BF8,1,0.9887640449438202,1.0,8.885e-219,1.85,40297819.0,"'VAPOR DIFFUSION, SITTING DROP'",7.0,277.15,"ZN, PO4, EDO",uni_pol,monomeric,,"'Monosodium phosphate, dipotassium phosphate, tris-HCl, sucrose'","monosodium phosphate (None), dipotassium phosphate (None), tris-HCl (None), sucrose (None)",,
6W9C,1,0.9887640449438202,1.0,8.885e-219,2.7,,"'VAPOR DIFFUSION, SITTING DROP'",7.5,289.0,"ZN, CL",uni_pol,trimeric,,"'0.2 M magnesium acetate, 10% PEG 8000'","magnesium acetate (200.0), PEG 8000 (10%)",8000,10
8UUG,1,0.9887640449438202,1.0,8.885e-219,2.74,38547259.0,"'VAPOR DIFFUSION, SITTING DROP'",6.3,277.0,"XXW, GOL, ACT, ZN, CL",uni_pol,monomeric,5.5-6.5,"'0.2M Zinc Acetate, 0.1M BisTris pH 6.3, 8% PEG 8000'","zinc(II) acetate (200.0), bis-tris (100.0), PEG 8000 (8%)",8000,8
9DNV,1,0.9887640449438202,1.0,8.885e-219,2.4,39948104.0,"'VAPOR DIFFUSION, SITTING DROP'",5.7,277.0,"ACY, CL, ZN, A1BEH",uni_pol,monomeric,5.6-6.5,"'200 mM zinc acetate, 0.1 M Bis-Tris pH 5.5-6.6, and 6-20% PEG 8000'","zinc(II) acetate (200.0), bis-tris (100.0), PEG 8000 (13.0%)",8000,13.0
6WZU,1,0.9887640449438202,1.0,8.885e-219,1.79,33531496.0,"'VAPOR DIFFUSION, HANGING DROP'",4.5,277.0,"ZN, GOL, PO4, CL",uni_pol,monomeric,,"'0.1 M acetate buffer, 0.8 NaH2PO4/1.2 M K2HPO4, seeds from PLprotease C111S mutant crystals'","sodium acetate (100.0), nah2po4/12 m k2hpo4 (0.8), plprotease c111s (None)",,
7LLF,1,0.9887640449438202,1.0,8.885e-219,2.3,33594371.0,"'VAPOR DIFFUSION, HANGING DROP'",6.5,289.0,"ZN, SO4, BO3, Y54, GOL",uni_pol,monomeric(*),13-16,"'0.1 M MIB buffer pH 6.5, 0.2M (NH4)2SO4, 13-16% PEG 3350, 20% glycerol'","ammonium sulfate (200.0), PEG 3350 (14.5%), glycerol (20%), sodium malonate (100.0), imidazole (100.0), boric acid (100.0)",3350,14.5
7JN2,1,0.9887640449438202,1.0,8.885e-219,1.93,,"'VAPOR DIFFUSION, HANGING DROP'",6.0,277.0,"Y41, ZN, CL, UNX, ACT",uni_pol,monomeric,,"'0.1 M MES buffer, 0.2 M zinc acetate, 10% PEG 8000'","MES (100.0), zinc(II) acetate (200.0), PEG 8000 (10%)",8000,10
7LOS,1,0.9887640449438202,1.0,8.885e-219,2.9,33594371.0,"'VAPOR DIFFUSION, HANGING DROP'",6.5,289.0,"ZN, Y97, CL, SO4",uni_pol,monomeric(*),13-16,"'0.1M MIB buffer pH 6.5, 0.2 M (NH4)2SO4, 13-16% PEG 3350, 20% glycerol'","ammonium sulfate (200.0), PEG 3350 (14.5%), glycerol (20%), sodium malonate (100.0), imidazole (100.0), boric acid (100.0)",3350,14.5
7OFU,1,0.9887640449438202,1.0,8.885e-219,1.72,35953531.0,"'VAPOR DIFFUSION, SITTING DROP'",8.0,277.0,"HE9, GOL, ZN, PO4, CL",uni_pol,dimeric,,";Co-crystallization with the compounds was achieved mixing 0.2 uL of protein solution (22 mg/mL) in 50 mM TRIS buffer (pH 8.0) containing 1 mM TCEP and 150 mM NaCl with 0.1 uL of reservoir solution consisting of 1.0M NaH2PO4/1.0MKH2PO4, 100mM Tris_HCl pH=7.5. This growth solution was equilibrated by sitting drop vapor diffusion against 80 uL reservoir solution. Prior to crystallization 100 nL droplets of 10 mM compound solutions in DMSO were applied to the wells of SwissCI 96-well plates (2-well) and subsequently dried in vacuum.
;","nah2po4/10mkh2po4 (1000.0), tris-HCl (100), DMSO (10.0), applied (100), 96-well (None), 2-well (None), subsequently dried (None), vacuum (None)",,
7RZC,1,0.9887640449438202,1.0,8.885e-219,2.04,,"'VAPOR DIFFUSION, SITTING DROP'",7.5,277.0,"JWX, ZN, CL, EDO",uni_pol,monomeric(*),,"'0.2 M magnesium acetate, 20% PEG3350'","magnesium acetate (200.0), PEG 3350 (20%)",3350,20
7SDR,1,0.9887640449438202,1.0,8.885e-219,2.72,,"'VAPOR DIFFUSION, SITTING DROP'",7.5,277.0,"JW9, ZN, EDO, CL, GOL",uni_pol,monomeric(*),,"'0.2 M sodium citrate, 20% PEG 3350'","sodium citrate (200.0), PEG 3350 (20%)",3350,20
7SGW,1,0.9887640449438202,1.0,8.885e-219,1.95,,"'VAPOR DIFFUSION, SITTING DROP'",7.0,277.0,"L30, ZN, CL",uni_pol,monomeric,,"'0.1 M Bis_tris propane, pH 7.0, 2.5 M ammonium sulfate, 4 mM PLP_Snyder630'","bis-tris propane (100.0), ammonium sulfate (2500.0), plp_snyder630 (4.0)",,
8UUF,1,0.9887640449438202,1.0,8.885e-219,2.84,38547259.0,"'VAPOR DIFFUSION, SITTING DROP'",6.4,277.0,"ACT, ZN, CL, XWO",uni_pol,monomeric,5.5-6.5,"'0.2M Zinc acetate, 0.1M Bis Tris, 10% PEG 8000'","zinc(II) acetate (200.0), bis-tris (100.0), PEG 8000 (10%)",8000,10
8VEC,1,0.9887640449438202,0.996,1.218e-218,2.0,39043718.0,"'VAPOR DIFFUSION, HANGING DROP'",5.5,277.15,ZN,uni_pol,monomeric,,"'0.1M trisodium citrate pH 5.5, 20% w/v PEG3000'","sodium citrate (100.0), PEG 3000 (20% w/v)",3000,20
8UUU,1,0.9887640449438202,1.0,8.885e-219,3.01,38547259.0,"'VAPOR DIFFUSION, SITTING DROP'",5.9,277.0,"XYR, ZN, CL, GOL, ACT",uni_pol,monomeric,5.5-6.5,"'0.2M Zinc Acetate, 0.1M BisTris pH 5.9, 12% PEG 8000'","zinc(II) acetate (200.0), bis-tris (100.0), PEG 8000 (12%)",8000,12
8UUV,1,0.9887640449438202,1.0,8.885e-219,3.01,38547259.0,"'VAPOR DIFFUSION, SITTING DROP'",6.4,277.0,"Y2I, ZN, CL",uni_pol,monomeric,5.5-6.5,"'0.2M Zinc Acetate, 0.1M BisTris pH 6.4, 8% PEG 8000'","zinc(II) acetate (200.0), bis-tris (100.0), PEG 8000 (8%)",8000,8
8Z4W,1,0.9887640449438202,1.0,8.885e-219,2.33,39574309.0,"'VAPOR DIFFUSION, SITTING DROP'",7.5,293.0,"A1D7X, ZN, GOL",uni_pol,monomeric(*),,"'20% (w/v) PEG 8000, 100 mM HEPES/ Sodium hydroxide pH 7.5'","PEG 8000 (20% w/v), hepes/ sodium hydroxide (100.0)",8000,20
9DOI,1,0.9887640449438202,1.0,8.885e-219,2.3,39948104.0,"'VAPOR DIFFUSION, SITTING DROP'",5.8,277.0,"PEG, ACT, ZN, CL, A1BEL",uni_pol,monomeric,5.5-6.6,"'200 mM zinc acetate, 0.1 M Bis-Tris pH 5.5-6.6, and 6-20% PEG 8000'","zinc(II) acetate (200.0), bis-tris (100.0), PEG 8000 (13.0%)",8000,13.0
7OFS,1,0.9887640449438202,1.0,8.885e-219,1.9,35953531.0,"'VAPOR DIFFUSION, SITTING DROP'",8.0,277.0,"ZN, CL, YRL, PO4, GOL",uni_pol,monomeric,,";Co-crystallization with the compounds was achieved mixing 0.2 uL of protein solution (22 mg/mL) in 50 mM TRIS buffer (pH 8.0) containing 1 mM TCEP and 150 mM NaCl with 0.1 uL of reservoir solution consisting of 1.0M NaH2PO4/1.0MKH2PO4, 100mM Tris_HCl pH=7.5. This growth solution was equilibrated by sitting drop vapor diffusion against 80 uL reservoir solution. Prior to crystallization 100 nL droplets of 10 mM compound solutions in DMSO were applied to the wells of SwissCI 96-well plates (2-well) and subsequently dried in vacuum.
;","nah2po4/10mkh2po4 (1000.0), tris-HCl (100), DMSO (10.0), applied (100), 96-well (None), 2-well (None), subsequently dried (None), vacuum (None)",,
9DNU,1,0.9887640449438202,1.0,8.885e-219,2.3,39948104.0,"'VAPOR DIFFUSION, SITTING DROP'",5.6,277.0,"A1BEG, ACT, ZN, CL, EDO",uni_pol,monomeric,5.5-6.6,"'200 mM zinc acetate, 0.1 M Bis-Tris pH 5.5-6.6, and 6-20% PEG 8000'","zinc(II) acetate (200.0), bis-tris (100.0), PEG 8000 (13.0%)",8000,13.0
7KOL,1,0.9887640449438202,1.0,8.885e-219,2.58,,"'VAPOR DIFFUSION, HANGING DROP'",6.0,277.0,"Y96, ZN, MES, CL",uni_pol,monomeric,,"'0.1 M MES buffer, 0.2 M zinc acetate, 10% PEG 8000, 4 mM PLP_Snyder496'","MES (100.0), zinc(II) acetate (200.0), PEG 8000 (10%), plp_snyder496 (4.0)",8000,10
7LBR,1,0.9887640449438202,1.0,8.885e-219,2.2,33594371.0,"'VAPOR DIFFUSION, HANGING DROP'",6.5,289.0,"ZN, SO4, XT7, GOL",uni_pol,monomeric(*),13-16,"'0.1M MIB buffer pH 6.5, 0.02M (NH4)2SO4, 13-16% PEG 3350, 20% glycerol'","ammonium sulfate (20.0), PEG 3350 (14.5%), glycerol (20%), sodium malonate (100.0), imidazole (100.0), boric acid (100.0)",3350,14.5
7OFT,1,0.9887640449438202,1.0,8.885e-219,1.95,35953531.0,"'VAPOR DIFFUSION, SITTING DROP'",8.0,277.0,"K, HBA, CL, ZN",uni_pol,monomeric,,";Co-crystallization with the compounds was achieved mixing 0.2 uL of protein solution (22 mg/mL) in 50 mM TRIS buffer (pH 8.0) containing 1 mM TCEP and 150 mM NaCl with 0.1 uL of reservoir solution consisting of 1.0M NaH2PO4/1.0MKH2PO4, 100mM Tris_HCl pH=7.5. This growth solution was equilibrated by sitting drop vapor diffusion against 80 uL reservoir solution. Prior to crystallization 100 nL droplets of 10 mM compound solutions in DMSO were applied to the wells of SwissCI 96-well plates (2-well) and subsequently dried in vacuum.
;","nah2po4/10mkh2po4 (1000.0), tris-HCl (100), DMSO (10.0), applied (100), 96-well (None), 2-well (None), subsequently dried (None), vacuum (None)",,
7QCG,1,0.9887640449438202,1.0,8.885e-219,1.75,35480391.0,"'VAPOR DIFFUSION, SITTING DROP'",8.0,277.0,"DZI, GOL, PO4, CL, ZN",uni_pol,monomeric,,"'0.1 M Tris-HCl pH 8.0, 10% glycerol, 0.8 M sodium dihydrogenphosphate, 1.2 M potassium hydrogenphosphate'","tris-HCl (100.0), glycerol (10%), sodium dihydrogen phosphate (800.0), potassium hydrogen phosphate (1200.0)",,
7QCH,1,0.9887640449438202,1.0,8.885e-219,1.88,35480391.0,"'VAPOR DIFFUSION, SITTING DROP'",8.0,277.0,"ZN, CL, PO4, GOL, A5I",uni_pol,monomeric,,"'0.1 M Tris-HCl pH 8.0, 10% glycerol, 0.8 M sodium dihydrogenphosphate, 1.2 M potassium hydrogenphosphate'","tris-HCl (100.0), glycerol (10%), sodium dihydrogen phosphate (800.0), potassium hydrogen phosphate (1200.0)",,
7QCI,1,0.9887640449438202,1.0,8.885e-219,1.76,35480391.0,"'VAPOR DIFFUSION, SITTING DROP'",8.0,277.0,"PO4, CL, ZN, GOL, A6Q",uni_pol,monomeric,,"'0.1 M Tris-HCl pH 8.0, 10% glycerol, 0.8 M sodium dihydrogenphosphate, 1.2 M potassium hydrogenphosphate'","tris-HCl (100.0), glycerol (10%), sodium dihydrogen phosphate (800.0), potassium hydrogen phosphate (1200.0)",,
7QCK,1,0.9887640449438202,1.0,8.885e-219,1.92,35480391.0,"'VAPOR DIFFUSION, SITTING DROP'",8.0,277.0,"A7L, GOL, ZN, PO4, CL",uni_pol,monomeric,,"'0.1 M Tris-HCl pH 8.0, 10% glycerol, 0.8 M sodium dihydrogenphosphate, 1.2 M potassium hydrogenphosphate'","tris-HCl (100.0), glycerol (10%), sodium dihydrogen phosphate (800.0), potassium hydrogen phosphate (1200.0)",,
8FWO,1,0.9887640449438202,1.0,8.885e-219,1.8,,"'VAPOR DIFFUSION, SITTING DROP'",4.5,277.0,"GOL, ZN, CL, PO4",uni_pol,monomeric,,"'100 mM Sodium acetate, 0.8 M Monosodium phosphate, 1.2 M Dipotassium hydrogen phosphate'","sodium acetate (100.0), monosodium phosphate (800.0), potassium hydrogen phosphate (1200.0)",,
8G62,1,0.9887640449438202,1.0,8.885e-219,2.17,,"'VAPOR DIFFUSION, SITTING DROP'",7.0,277.0,"ZN, ACT, CL, NA, YOO",uni_pol,monomeric(*),,"'0.1 M Bis_tris propane, pH 7.0, 2.8 M sodium acetate, 0.1 M glycine, 4 mM ligand'","bis-tris propane (100.0), sodium acetate (2800.0), glycine (100.0)",,
8UOB,1,0.9887640449438202,1.0,8.885e-219,2.52,38547259.0,"'VAPOR DIFFUSION, SITTING DROP'",6.2,277.0,"XB5, ZN, CL",uni_pol,monomeric,5.5-6.5,"'Zinc Acetate, PEG 8000, Bis-Tris 6.3'","zinc(II) acetate (None), PEG 8000 (None), bis-tris (6.3)",8000,
8UUH,1,0.9887640449438202,1.0,8.885e-219,2.8,38547259.0,"'VAPOR DIFFUSION, SITTING DROP'",6.0,277.0,"XYI, ZN, CL, PEG",uni_pol,monomeric,5.5-6.5,"'0.2M Zinc Acetate, 0.1M Bis Tris pH 6.0, 10% PEG 8000'","zinc(II) acetate (200.0), bis-tris (100.0), PEG 8000 (10%)",8000,10
8UUY,1,0.9887640449438202,1.0,8.885e-219,3.05,38547259.0,"'VAPOR DIFFUSION, SITTING DROP'",6.2,277.0,"PEG, PGE, ACT, ZN, CL, Y2R",uni_pol,monomeric,5.5-6.5,"'0.2M Zinc Acetate, 0.1M BisTris pH 6.2, 8% PEG 8000'","zinc(II) acetate (200.0), bis-tris (100.0), PEG 8000 (8%)",8000,8
8UUW,1,0.9887640449438202,1.0,8.885e-219,3.2,38547259.0,"'VAPOR DIFFUSION, SITTING DROP'",5.8,277.0,"Y2N, DMS, ACT, ZN, CL",uni_pol,monomeric,5.5-6.5,"'0.2M Zinc Acetate, 0.1M BisTris pH 5.8, 105 PEG 8000'","zinc(II) acetate (200.0), bis-tris (100.0), PEG 8000 (105)",8000,105
8UVM,1,0.9887640449438202,1.0,8.885e-219,2.85,38547259.0,"'VAPOR DIFFUSION, HANGING DROP'",6.7,277.0,"Y3R, SO4, CL, ZN",uni_pol,monomeric(*),,"'2.5M Ammonium Sulfate, 0.1M Sodium citrate dibasic trihydrate pH 6.7'","ammonium sulfate (2500.0), sodium citrate dibasic (100.0)",,
9D2K,1,0.9887640449438202,1.0,8.885e-219,2.7,39499574.0,"'VAPOR DIFFUSION, SITTING DROP'",5.6,277.0,"A1A6J, DTT, ZN, CL",uni_pol,monomeric(*),5.5-6.6,"'200 mM zinc acetate, 0.1 M Bis-Tris pH 5.5-6.6, 10% PEG 8000'","zinc(II) acetate (200.0), bis-tris (100.0), PEG 8000 (10%)",8000,10
9DO1,1,0.9887640449438202,1.0,8.885e-219,2.4,39948104.0,"'VAPOR DIFFUSION, SITTING DROP'",5.8,277.0,"A1BF2, PEG, ZN, CL",uni_pol,monomeric,5.6-6.5,"'200 mM zinc acetate, 0.1 M Bis-Tris pH 5.5-6.6, and 6-20% PEG 8000'","zinc(II) acetate (200.0), bis-tris (100.0), PEG 8000 (13.0%)",8000,13.0
9Z0D,1,0.9887640449438202,1.0,8.885e-219,1.65,41629155.0,"'VAPOR DIFFUSION, HANGING DROP'",7.0,291.0,"A1CZW, ZN",uni_pol,monomeric(*),,";20-24 % PEG-3350, 150-300 mM Magnesium formate
1:1 drop ratio
crocrystalisation. 16 mg/mL protein incubated in 10 mM ligand 1  hour before tray set up
;","PEG 3350 (22.0%), magnesium formate (225.0), crocrystalisation (1)",3350,22.0
9DO5,1,0.9887640449438202,1.0,8.885e-219,3.0,39948104.0,"'VAPOR DIFFUSION, SITTING DROP'",5.9,277.0,"A1BEE, ACT, ZN, CL, GOL",uni_pol,monomeric,5.5-6.6,"'200 mM zinc acetate, 0.1 M Bis-Tris pH 5.5-6.6, and 6-20% PEG 8000'","zinc(II) acetate (200.0), bis-tris (100.0), PEG 8000 (13.0%)",8000,13.0
13MJ,1,0.9871589085072231,0.993,2.287e-218,2.06,41638277.0,"'VAPOR DIFFUSION, SITTING DROP'",6.0,291.0,"ZN, MLI, A1CT0",uni_pol,monomeric,,'1.4 M Sodium Maleate pH 6.0',sodium maleate (1400.0),,
13MO,1,0.9871589085072231,0.993,2.287e-218,2.45,41638277.0,"'VAPOR DIFFUSION, SITTING DROP'",6.0,291.0,"MLI, A1CUB, ZN",uni_pol,monomeric,,'1.4 M Sodium Maleate pH 6.0',sodium maleate (1400.0),,
9DO3,1,0.9887640449438202,1.0,8.885e-219,2.5,39948104.0,"'VAPOR DIFFUSION, SITTING DROP'",5.8,277.0,"A1BEF, PEG, ACT, EDO, ZN, CL",uni_pol,monomeric,5.6-6.5,"'200 mM zinc acetate, 0.1 M Bis-Tris pH 5.5-6.6, and 6-20% PEG 8000'","zinc(II) acetate (200.0), bis-tris (100.0), PEG 8000 (13.0%)",8000,13.0
13MP,1,0.9871589085072231,0.993,2.287e-218,2.42,41638277.0,"'VAPOR DIFFUSION, SITTING DROP'",6.0,291.0,"ZN, A1CUC",uni_pol,monomeric,,'1.4 M Sodium Maleate pH 6.0',sodium maleate (1400.0),,
13NG,1,0.9871589085072231,0.993,2.287e-218,2.35,41638277.0,"'VAPOR DIFFUSION, SITTING DROP'",6.0,291.0,"ZN, MLI, 60Q",uni_pol,monomeric,,'1.4 M Sodium Maleate pH 6.0',sodium maleate (1400.0),,
13NB,1,0.9871589085072231,0.993,2.287e-218,2.81,41638277.0,"'VAPOR DIFFUSION, SITTING DROP'",6.0,291.0,"ZN, A1CUR",uni_pol,monomeric,,'1.4 M Sodium Maleate pH 6.0',sodium maleate (1400.0),,
13NE,1,0.9871589085072231,0.993,2.287e-218,2.09,41638277.0,"'VAPOR DIFFUSION, SITTING DROP'",6.0,291.0,"ZN, MLI, 0OL",uni_pol,monomeric,,'1.4 M Sodium Maleate pH 6.0',sodium maleate (1400.0),,
13MY,1,0.9871589085072231,0.993,2.287e-218,2.0,41638277.0,"'VAPOR DIFFUSION, SITTING DROP'",6.0,291.0,"ZN, MLI, A1CUO",uni_pol,monomeric,,'1.4 M Sodium Maleate pH 6.0',sodium maleate (1400.0),,
13NA,1,0.9871589085072231,0.993,2.287e-218,2.37,41638277.0,"'VAPOR DIFFUSION, SITTING DROP'",6.0,291.0,"ZN, MLI, A1CUQ",uni_pol,monomeric,,'1.4 M Sodium Maleate pH 6.0',sodium maleate (1400.0),,
13MU,1,0.9871589085072231,0.993,2.287e-218,1.93,41638277.0,"'VAPOR DIFFUSION, SITTING DROP'",6.0,291.0,"ZN, MLI, A1AY2",uni_pol,monomeric,,'1.4 M Sodium Maleate pH 6.0',sodium maleate (1400.0),,
13NP,1,0.9871589085072231,0.993,2.287e-218,2.18,41638277.0,"'VAPOR DIFFUSION, SITTING DROP'",6.0,291.0,"ZN, A1AYN",uni_pol,monomeric,,'1.4 M Sodium Maleate pH 6.0',sodium maleate (1400.0),,
13NY,1,0.9871589085072231,0.993,2.287e-218,2.05,41638277.0,"'VAPOR DIFFUSION, SITTING DROP'",6.0,291.0,"ZN, MLI, A1AA8",uni_pol,monomeric,,'1.4 M Sodium Maleate pH 6.0',sodium maleate (1400.0),,
13NV,1,0.9871589085072231,0.993,2.287e-218,2.86,41638277.0,"'VAPOR DIFFUSION, SITTING DROP'",6.0,291.0,"ZN, A1AY6",uni_pol,monomeric,,'1.4 M Sodium Maleate pH 6.0',sodium maleate (1400.0),,
13NQ,1,0.9871589085072231,0.993,2.287e-218,2.3,41638277.0,"'VAPOR DIFFUSION, SITTING DROP'",6.0,291.0,"ZN, MLI, A1AY4",uni_pol,monomeric,,'1.4 M Sodium Maleate pH 6.0',sodium maleate (1400.0),,
13NH,1,0.9871589085072231,0.993,2.287e-218,2.67,41638277.0,"'VAPOR DIFFUSION, SITTING DROP'",6.0,291.0,"ZN, A1EE6",uni_pol,monomeric,,'1.4 M Sodium Maleate pH 6.0',sodium maleate (1400.0),,
13NW,1,0.9871589085072231,0.993,2.287e-218,2.37,41638277.0,"'VAPOR DIFFUSION, SITTING DROP'",6.0,291.0,"ZN, A1CU9",uni_pol,monomeric,,'1.4 M Sodium Maleate pH 6.0',sodium maleate (1400.0),,
13OL,1,0.9871589085072231,0.993,2.287e-218,2.01,41638277.0,"'VAPOR DIFFUSION, SITTING DROP'",6.0,291.0,"ZN, MLI, A1CVI",uni_pol,monomeric,,'1.4 M Sodium Maleate pH 6.0',sodium maleate (1400.0),,
13NZ,1,0.9871589085072231,0.993,2.287e-218,1.97,41638277.0,"'VAPOR DIFFUSION, SITTING DROP'",6.0,291.0,"W77, MLI, ZN",uni_pol,monomeric,,'1.4 M Sodium Maleate pH 6.0',sodium maleate (1400.0),,
13OE,1,0.9871589085072231,0.993,2.287e-218,1.85,41638277.0,"'VAPOR DIFFUSION, SITTING DROP'",6.0,291.0,"ZN, MLI, A1CVC",uni_pol,monomeric,,'1.4 M Sodium Maleate pH 6.0',sodium maleate (1400.0),,
13OF,1,0.9871589085072231,0.993,2.287e-218,2.42,41638277.0,"'VAPOR DIFFUSION, SITTING DROP'",6.0,291.0,"ZN, MLI, A1CVD",uni_pol,monomeric,,'1.4 M Sodium Maleate pH 6.0',sodium maleate (1400.0),,
13OC,1,0.9871589085072231,0.993,2.287e-218,1.81,41638277.0,"'VAPOR DIFFUSION, SITTING DROP'",6.0,291.0,"ZN, MLI, SNJ",uni_pol,monomeric,,'1.4 M Sodium Maleate pH 6.0',sodium maleate (1400.0),,
13OD,1,0.9871589085072231,0.993,2.287e-218,2.15,41638277.0,"'VAPOR DIFFUSION, SITTING DROP'",6.0,291.0,"ZN, MLI, 9TW",uni_pol,monomeric,,'1.4 M Sodium Maleate pH 6.0',sodium maleate (1400.0),,
13OM,1,0.9871589085072231,0.993,2.287e-218,2.06,41638277.0,"'VAPOR DIFFUSION, SITTING DROP'",6.0,291.0,"ZN, MLI, A1CVJ",uni_pol,monomeric,,'1.4 M Sodium Maleate pH 6.0',sodium maleate (1400.0),,
13OQ,1,0.9871589085072231,0.993,2.287e-218,2.45,41638277.0,"'VAPOR DIFFUSION, SITTING DROP'",6.0,291.0,"ZN, A1CVM",uni_pol,monomeric,,'1.4 M Sodium Maleate pH 6.0',sodium maleate (1400.0),,
13PE,1,0.9871589085072231,0.993,2.287e-218,2.37,41638277.0,"'VAPOR DIFFUSION, SITTING DROP'",6.0,291.0,"A1CV1, ZN",uni_pol,monomeric,,'1.4 M Sodium Maleate pH 6.0',sodium maleate (1400.0),,
13OP,1,0.9871589085072231,0.993,2.287e-218,2.99,41638277.0,"'VAPOR DIFFUSION, SITTING DROP'",6.0,291.0,"ZN, A1CVL",uni_pol,monomeric,,'1.4 M Sodium Maleate pH 6.0',sodium maleate (1400.0),,
13OZ,1,0.9871589085072231,0.993,2.287e-218,2.76,41638277.0,"'VAPOR DIFFUSION, SITTING DROP'",6.0,291.0,"HX8, ZN",uni_pol,monomeric,,'1.4 M Sodium Maleate pH 6.0',sodium maleate (1400.0),,
13OU,1,0.9871589085072231,0.993,2.287e-218,2.6,41638277.0,"'VAPOR DIFFUSION, SITTING DROP'",6.0,291.0,"ZN, A1CVV",uni_pol,monomeric,,'1.4 M Sodium Maleate pH 6.0',sodium maleate (1400.0),,
13PM,1,0.9871589085072231,0.993,2.287e-218,2.44,41638277.0,"'VAPOR DIFFUSION, SITTING DROP'",6.0,291.0,"MLI, A1CV5, ZN",uni_pol,monomeric,,'1.4 M Sodium Maleate pH 6.0',sodium maleate (1400.0),,
13PX,1,0.9871589085072231,0.993,2.287e-218,2.47,41638277.0,"'VAPOR DIFFUSION, SITTING DROP'",6.0,291.0,"ZN, A1CWF",uni_pol,monomeric,,'1.4 M Sodium Maleate pH 6.0',sodium maleate (1400.0),,
13PN,1,0.9871589085072231,0.993,2.287e-218,2.11,41638277.0,"'VAPOR DIFFUSION, SITTING DROP'",6.0,291.0,"A1CV6, MLI, ZN",uni_pol,monomeric,,'1.4 M Sodium Maleate pH 6.0',sodium maleate (1400.0),,
13PU,1,0.9871589085072231,0.993,2.287e-218,2.18,41638277.0,"'VAPOR DIFFUSION, SITTING DROP'",6.0,291.0,"ZN, A1CWD, MLI",uni_pol,monomeric,,'1.4 M Sodium Maleate pH 6.0',sodium maleate (1400.0),,
13PR,1,0.9871589085072231,0.993,2.287e-218,2.37,41638277.0,"'VAPOR DIFFUSION, SITTING DROP'",6.0,291.0,"ZN, 54F",uni_pol,monomeric,,'1.4 M Sodium Maleate pH 6.0',sodium maleate (1400.0),,
13PT,1,0.9871589085072231,0.993,2.287e-218,2.64,41638277.0,"'VAPOR DIFFUSION, SITTING DROP'",6.0,291.0,"ZN, A1CWC",uni_pol,monomeric,,'1.4 M Sodium Maleate pH 6.0',sodium maleate (1400.0),,
13QG,1,0.9871589085072231,0.993,2.287e-218,2.43,41638277.0,"'VAPOR DIFFUSION, SITTING DROP'",6.0,291.0,"ZN, A1CWJ, MLI",uni_pol,monomeric,,'1.4 M Sodium Maleate pH 6.0',sodium maleate (1400.0),,
13PZ,1,0.9871589085072231,0.993,2.287e-218,2.56,41638277.0,"'VAPOR DIFFUSION, SITTING DROP'",6.0,291.0,"MLI, A1CWG, ZN",uni_pol,monomeric,,'1.4 M Sodium Maleate pH 6.0',sodium maleate (1400.0),,
13QH,1,0.9871589085072231,0.993,2.287e-218,2.84,41638277.0,"'VAPOR DIFFUSION, SITTING DROP'",6.0,291.0,"ZN, A1AW9",uni_pol,monomeric,,'1.4 M Sodium Maleate pH 6.0',sodium maleate (1400.0),,
13QD,1,0.9871589085072231,0.993,2.287e-218,1.92,41638277.0,"'VAPOR DIFFUSION, SITTING DROP'",6.0,291.0,"ZN, MLI, A1EHF",uni_pol,monomeric,,'1.4 M Sodium Maleate pH 6.0',sodium maleate (1400.0),,
13QI,1,0.9871589085072231,0.993,2.287e-218,2.82,41638277.0,"'VAPOR DIFFUSION, SITTING DROP'",6.0,291.0,"A1CWN, ZN",uni_pol,monomeric,,'1.4 M Sodium Maleate pH 6.0',sodium maleate (1400.0),,
13QB,1,0.9871589085072231,0.993,2.287e-218,2.42,41638277.0,"'VAPOR DIFFUSION, SITTING DROP'",6.0,291.0,"A1ENG, ZN",uni_pol,monomeric,,'1.4 M Sodium Maleate pH 6.0',sodium maleate (1400.0),,
13QM,1,0.9871589085072231,0.993,2.287e-218,2.12,41638277.0,"'VAPOR DIFFUSION, SITTING DROP'",6.0,291.0,"ZN, A1CWU",uni_pol,monomeric,,'1.4 M Sodium Maleate pH 6.0',sodium maleate (1400.0),,
13QO,1,0.9871589085072231,0.993,2.287e-218,2.04,41638277.0,"'VAPOR DIFFUSION, SITTING DROP'",6.0,291.0,"ZN, MLI, A1CWV",uni_pol,monomeric,,'1.4 M Sodium Maleate pH 6.0',sodium maleate (1400.0),,
13QP,1,0.9871589085072231,0.993,2.287e-218,2.16,41638277.0,"'VAPOR DIFFUSION, SITTING DROP'",6.0,291.0,"ZN, A1EE3, MLI",uni_pol,monomeric,,'1.4 M Sodium Maleate pH 6.0',sodium maleate (1400.0),,
13QV,1,0.9871589085072231,0.993,2.287e-218,2.03,41638277.0,"'VAPOR DIFFUSION, SITTING DROP'",6.0,291.0,"ZN, MLI, A1CW2",uni_pol,monomeric,,'1.4 M Sodium Maleate pH 6.0',sodium maleate (1400.0),,
13QR,1,0.9871589085072231,0.993,2.287e-218,2.04,41638277.0,"'VAPOR DIFFUSION, SITTING DROP'",6.0,291.0,"A1CWZ, MLI, ZN",uni_pol,monomeric,,'1.4 M Sodium Maleate pH 6.0',sodium maleate (1400.0),,
13RH,1,0.9871589085072231,0.993,2.287e-218,1.98,41638277.0,"'VAPOR DIFFUSION, SITTING DROP'",6.0,291.0,"ZN, MLI, A1CXG",uni_pol,monomeric,,'1.4 M Sodium Maleate pH 6.0',sodium maleate (1400.0),,
9BRV,1,0.9871589085072231,0.993,2.287e-218,2.6,39140055.0,"'VAPOR DIFFUSION, HANGING DROP'",,291.0,"ZN, SO4, CL, A1ASK",uni_pol,monomeric(*),,"'0.2M magnesium formate, 15-25%PEG3350'","magnesium formate (200.0), PEG 3350 (20.0%)",3350,20.0
9F7P,1,0.9871589085072231,0.996,2.287e-218,1.7,,"'VAPOR DIFFUSION, SITTING DROP'",6.0,288.0,"ZN, MLI, PEG, NA, CL",uni_pol,monomeric,,'1.8 M sodium malonate',sodium malonate (1800.0),,
9HHH,1,0.9871589085072231,0.996,2.287e-218,1.98,,"'VAPOR DIFFUSION, HANGING DROP'",8.0,293.15,"GOL, ZN, SO4",uni_pol,dimeric,,"'1.45 M Ammonium Sulfate, 0.1 M Bicine pH 8, 10 % Glycerol'","ammonium sulfate (1450.0), bicine (100.0), glycerol (10%)",,
9F7Q,1,0.9871589085072231,0.996,2.287e-218,2.3,,"'VAPOR DIFFUSION, SITTING DROP'",6.0,288.0,"ZN, GOL, SO4",uni_pol,monomeric,,"'2.5 M ammonium sulfate,0.1M MES'","ammonium sulfate (2500.0), MES (100.0)",,
13MI,1,0.9871589085072231,0.993,2.287e-218,2.08,41638277.0,"'VAPOR DIFFUSION, SITTING DROP'",6.0,291.0,"ZN, MLI, A1AY5",uni_pol,monomeric,,'1.4 M Sodium Maleate pH 6.0',sodium maleate (1400.0),,
9PVK,1,0.9871589085072231,0.993,2.287e-218,1.8,41521555.0,"'VAPOR DIFFUSION, HANGING DROP'",7.0,291.0,"ZN, A1CLL, EDO",uni_pol,monomeric,2-4,";50 mM HEPES pH = 7.0, Tryptone 2-4 % w/v and 10-16 % PEG-3350
12 mg/mL protein
1:1 drop ratio
cocrystalised with weak affinity ligand then back soaked with ligand of interest
;","HEPES (50.0), tryptone (None), PEG 3350 (13.0%), cocrystalised (1), weak affinity (None), back (None)",3350,13.0
13MN,1,0.9871589085072231,0.993,2.287e-218,2.35,41638277.0,"'VAPOR DIFFUSION, SITTING DROP'",6.0,291.0,"ZN, MLI, A1CT2",uni_pol,monomeric,,'1.4 M Sodium Maleate pH 6.0',sodium maleate (1400.0),,
13MQ,1,0.9871589085072231,0.993,2.287e-218,2.02,41638277.0,"'VAPOR DIFFUSION, SITTING DROP'",6.0,291.0,"ZN, MLI, VN9",uni_pol,monomeric,,'1.4 M Sodium Maleate pH 6.0',sodium maleate (1400.0),,
13MX,1,0.9871589085072231,0.993,2.287e-218,2.02,41638277.0,"'VAPOR DIFFUSION, SITTING DROP'",6.0,291.0,"ZN, MLI, A1CUM",uni_pol,monomeric,,'1.4 M Sodium Maleate pH 6.0',sodium maleate (1400.0),,
13MW,1,0.9871589085072231,0.993,2.287e-218,2.1,41638277.0,"'VAPOR DIFFUSION, SITTING DROP'",6.0,291.0,"ZN, MLI, A1CUL",uni_pol,monomeric,,'1.4 M Sodium Maleate pH 6.0',sodium maleate (1400.0),,
13MR,1,0.9871589085072231,0.993,2.287e-218,2.08,41638277.0,"'VAPOR DIFFUSION, SITTING DROP'",6.0,291.0,"ZN, MLI, A1CUD",uni_pol,monomeric,,'1.4 M Sodium Maleate pH 6.0',sodium maleate (1400.0),,
13MS,1,0.9871589085072231,0.993,2.287e-218,2.18,41638277.0,"'VAPOR DIFFUSION, SITTING DROP'",6.0,291.0,"ZN, MLI, A1CUE",uni_pol,monomeric,,'1.4 M Sodium Maleate pH 6.0',sodium maleate (1400.0),,
13ND,1,0.9871589085072231,0.993,2.287e-218,2.03,41638277.0,"'VAPOR DIFFUSION, SITTING DROP'",6.0,291.0,"ZN, A1CUU",uni_pol,monomeric,,'1.4 M Sodium Maleate pH 6.0',sodium maleate (1400.0),,
13NF,1,0.9871589085072231,0.993,2.287e-218,2.06,41638277.0,"'VAPOR DIFFUSION, SITTING DROP'",6.0,291.0,"ZN, A1CUV",uni_pol,monomeric,,'1.4 M Sodium Maleate pH 6.0',sodium maleate (1400.0),,
13NL,1,0.9871589085072231,0.993,2.287e-218,2.13,41638277.0,"'VAPOR DIFFUSION, SITTING DROP'",6.0,291.0,"ZN, MLI, A1CUW",uni_pol,monomeric,,'1.4 M Sodium Maleate pH 6.0',sodium maleate (1400.0),,
13NK,1,0.9871589085072231,0.993,2.287e-218,2.23,41638277.0,"'VAPOR DIFFUSION, SITTING DROP'",6.0,291.0,"MLI, A1JBC, ZN",uni_pol,monomeric,,'1.4 M Sodium Maleate pH 6.0',sodium maleate (1400.0),,
13NN,1,0.9871589085072231,0.993,2.287e-218,2.59,41638277.0,"'VAPOR DIFFUSION, SITTING DROP'",6.0,291.0,"ZN, W1P",uni_pol,monomeric,,'1.4 M Sodium Maleate pH 6.0',sodium maleate (1400.0),,
13NM,1,0.9871589085072231,0.993,2.287e-218,2.4,41638277.0,"'VAPOR DIFFUSION, SITTING DROP'",6.0,291.0,"ZN, MLI, A1CUX",uni_pol,monomeric,,'1.4 M Sodium Maleate pH 6.0',sodium maleate (1400.0),,
13NO,1,0.9871589085072231,0.993,2.287e-218,2.61,41638277.0,"'VAPOR DIFFUSION, SITTING DROP'",6.0,291.0,"A1CUY, ZN",uni_pol,monomeric,,'1.4 M Sodium Maleate pH 6.0',sodium maleate (1400.0),,
13NR,1,0.9871589085072231,0.993,2.287e-218,2.08,41638277.0,"'VAPOR DIFFUSION, SITTING DROP'",6.0,291.0,"ZN, MLI, A1CU2",uni_pol,monomeric,,'1.4 M Sodium Maleate pH 6.0',sodium maleate (1400.0),,
13NT,1,0.9871589085072231,0.993,2.287e-218,2.05,41638277.0,"'VAPOR DIFFUSION, SITTING DROP'",6.0,291.0,"ZN, MLI, A1CU5",uni_pol,monomeric,,'1.4 M Sodium Maleate pH 6.0',sodium maleate (1400.0),,
13NS,1,0.9871589085072231,0.993,2.287e-218,2.03,41638277.0,"'VAPOR DIFFUSION, SITTING DROP'",6.0,291.0,"ZN, MLI, A1CU4",uni_pol,monomeric,,'1.4 M Sodium Maleate pH 6.0',sodium maleate (1400.0),,
13NU,1,0.9871589085072231,0.993,2.287e-218,1.97,41638277.0,"'VAPOR DIFFUSION, SITTING DROP'",6.0,291.0,"ZN, MLI, A1CU6",uni_pol,monomeric,,'1.4 M Sodium Maleate pH 6.0',sodium maleate (1400.0),,
13OJ,1,0.9871589085072231,0.993,2.287e-218,2.41,41638277.0,"'VAPOR DIFFUSION, SITTING DROP'",6.0,291.0,"ZN, MLI, A1EM9",uni_pol,monomeric,,'1.4 M Sodium Maleate pH 6.0',sodium maleate (1400.0),,
13ON,1,0.9871589085072231,0.993,2.287e-218,2.18,41638277.0,"'VAPOR DIFFUSION, SITTING DROP'",6.0,291.0,"ZN, A1CVK, MLI",uni_pol,monomeric,,'1.4 M Sodium Maleate pH 6.0',sodium maleate (1400.0),,
13OR,1,0.9871589085072231,0.993,2.287e-218,2.54,41638277.0,"'VAPOR DIFFUSION, SITTING DROP'",6.0,291.0,"ZN, A1CVN",uni_pol,monomeric,,'1.4 M Sodium Maleate pH 6.0',sodium maleate (1400.0),,
13OS,1,0.9871589085072231,0.993,2.287e-218,2.45,41638277.0,"'VAPOR DIFFUSION, SITTING DROP'",6.0,291.0,"MLI, A1CVO, ZN",uni_pol,monomeric,,'1.4 M Sodium Maleate pH 6.0',sodium maleate (1400.0),,
13OX,1,0.9871589085072231,0.993,2.287e-218,2.76,41638277.0,"'VAPOR DIFFUSION, SITTING DROP'",6.0,291.0,"ZN, A1AXZ",uni_pol,monomeric,,'1.4 M Sodium Maleate pH 6.0',sodium maleate (1400.0),,
13OT,1,0.9871589085072231,0.993,2.287e-218,2.22,41638277.0,"'VAPOR DIFFUSION, SITTING DROP'",6.0,291.0,"ZN, A1EHY, MLI",uni_pol,monomeric,,'1.4 M Sodium Maleate pH 6.0',sodium maleate (1400.0),,
13OY,1,0.9871589085072231,0.993,2.287e-218,2.68,41638277.0,"'VAPOR DIFFUSION, SITTING DROP'",6.0,291.0,"A1AXA, ZN",uni_pol,monomeric,,'1.4 M Sodium Maleate pH 6.0',sodium maleate (1400.0),,
13OH,1,0.9871589085072231,0.993,2.287e-218,2.19,41638277.0,"'VAPOR DIFFUSION, SITTING DROP'",6.0,291.0,"ZN, MLI, A1CVE",uni_pol,monomeric,,'1.4 M Sodium Maleate pH 6.0',sodium maleate (1400.0),,
13PA,1,0.9871589085072231,0.993,2.287e-218,2.76,41638277.0,"'VAPOR DIFFUSION, SITTING DROP'",6.0,291.0,"ZN, A1CVZ",uni_pol,monomeric,,'1.4 M Sodium Maleate pH 6.0',sodium maleate (1400.0),,
13PD,1,0.9871589085072231,0.993,2.287e-218,2.62,41638277.0,"'VAPOR DIFFUSION, SITTING DROP'",6.0,291.0,"ZN, SNU",uni_pol,monomeric,,'1.4 M Sodium Maleate pH 6.0',sodium maleate (1400.0),,
13PG,1,0.9871589085072231,0.993,2.287e-218,2.29,41638277.0,"'VAPOR DIFFUSION, SITTING DROP'",6.0,291.0,"A1CV3, ZN",uni_pol,monomeric,,'1.4 M Sodium Maleate pH 6.0',sodium maleate (1400.0),,
13PF,1,0.9871589085072231,0.993,2.287e-218,2.41,41638277.0,"'VAPOR DIFFUSION, SITTING DROP'",6.0,291.0,"ZN, A1CV2",uni_pol,monomeric,,'1.4 M Sodium Maleate pH 6.0',sodium maleate (1400.0),,
13PH,1,0.9871589085072231,0.993,2.287e-218,2.84,41638277.0,"'VAPOR DIFFUSION, SITTING DROP'",6.0,291.0,"ZN, 8K2",uni_pol,monomeric,,'1.4 M Sodium Maleate pH 6.0',sodium maleate (1400.0),,
13PI,1,0.9871589085072231,0.993,2.287e-218,2.15,41638277.0,"'VAPOR DIFFUSION, SITTING DROP'",6.0,291.0,"ZN, MLI, SLS",uni_pol,monomeric,,'1.4 M Sodium Maleate pH 6.0',sodium maleate (1400.0),,
13PL,1,0.9871589085072231,0.993,2.287e-218,2.55,41638277.0,"'VAPOR DIFFUSION, SITTING DROP'",6.0,291.0,"ZN, A1CV4",uni_pol,monomeric,,'1.4 M Sodium Maleate pH 6.0',sodium maleate (1400.0),,
13PJ,1,0.9871589085072231,0.993,2.287e-218,2.27,41638277.0,"'VAPOR DIFFUSION, SITTING DROP'",6.0,291.0,"ZN, MLI, 2O8",uni_pol,monomeric,,'1.4 M Sodium Maleate pH 6.0',sodium maleate (1400.0),,
13PY,1,0.9871589085072231,0.993,2.287e-218,2.27,41638277.0,"'VAPOR DIFFUSION, SITTING DROP'",6.0,291.0,"ZN, MLI, A1AW1",uni_pol,monomeric,,'1.4 M Sodium Maleate pH 6.0',sodium maleate (1400.0),,
13PQ,1,0.9871589085072231,0.993,2.287e-218,2.23,41638277.0,"'VAPOR DIFFUSION, SITTING DROP'",6.0,291.0,"RZN, ZN",uni_pol,monomeric,,'1.4 M Sodium Maleate pH 6.0',sodium maleate (1400.0),,
13PP,1,0.9871589085072231,0.993,2.287e-218,2.98,41638277.0,"'VAPOR DIFFUSION, SITTING DROP'",6.0,291.0,"ZN, 3C5",uni_pol,monomeric,,'1.4 M Sodium Maleate pH 6.0',sodium maleate (1400.0),,
13PW,1,0.9871589085072231,0.993,2.287e-218,2.7,41638277.0,"'VAPOR DIFFUSION, SITTING DROP'",6.0,291.0,"A1CWE, ZN",uni_pol,monomeric,,'1.4 M Sodium Maleate pH 6.0',sodium maleate (1400.0),,
13QF,1,0.9871589085072231,0.993,2.287e-218,2.25,41638277.0,"'VAPOR DIFFUSION, SITTING DROP'",6.0,291.0,"ZN, A1AW7",uni_pol,monomeric,,'1.4 M Sodium Maleate pH 6.0',sodium maleate (1400.0),,
13QA,1,0.9871589085072231,0.993,2.287e-218,1.8,41638277.0,"'VAPOR DIFFUSION, SITTING DROP'",6.0,291.0,"ZN, MLI, A1CWH",uni_pol,monomeric,,'1.4 M Sodium Maleate pH 6.0',sodium maleate (1400.0),,
13QW,1,0.9871589085072231,0.993,2.287e-218,2.03,41638277.0,"'VAPOR DIFFUSION, SITTING DROP'",6.0,291.0,"A1CW3, MLI, ZN",uni_pol,monomeric,,'1.4 M Sodium Maleate pH 6.0',sodium maleate (1400.0),,
13QU,1,0.9871589085072231,0.993,2.287e-218,2.1,41638277.0,"'VAPOR DIFFUSION, SITTING DROP'",6.0,291.0,"ZN, A1AY3, MLI",uni_pol,monomeric,,'1.4 M Sodium Maleate pH 6.0',sodium maleate (1400.0),,
13QQ,1,0.9871589085072231,0.993,2.287e-218,2.41,41638277.0,"'VAPOR DIFFUSION, SITTING DROP'",6.0,291.0,"A1CWW, MLI, ZN",uni_pol,monomeric,,'1.4 M Sodium Maleate pH 6.0',sodium maleate (1400.0),,
13QK,1,0.9871589085072231,0.993,2.287e-218,2.49,41638277.0,"'VAPOR DIFFUSION, SITTING DROP'",6.0,291.0,"A1CWP, ZN",uni_pol,monomeric,,'1.4 M Sodium Maleate pH 6.0',sodium maleate (1400.0),,
13QZ,1,0.9871589085072231,0.993,2.287e-218,1.99,41638277.0,"'VAPOR DIFFUSION, SITTING DROP'",6.0,291.0,"ZN, MLI, A1CW7",uni_pol,monomeric,,'1.4 M Sodium Maleate pH 6.0',sodium maleate (1400.0),,
13QY,1,0.9871589085072231,0.993,2.287e-218,2.36,41638277.0,"'VAPOR DIFFUSION, SITTING DROP'",6.0,291.0,"A1CW6, MLI, ZN",uni_pol,monomeric,,'1.4 M Sodium Maleate pH 6.0',sodium maleate (1400.0),,
13RB,1,0.9871589085072231,0.993,2.287e-218,1.68,41638277.0,"'VAPOR DIFFUSION, SITTING DROP'",6.0,291.0,"ZN, MLI, A1CW9",uni_pol,monomeric,,'1.4 M Sodium Maleate pH 6.0',sodium maleate (1400.0),,
13RD,1,0.9871589085072231,0.993,2.287e-218,1.89,41638277.0,"'VAPOR DIFFUSION, SITTING DROP'",6.0,291.0,"ZN, MLI, A1CXB",uni_pol,monomeric,,'1.4 M Sodium Maleate pH 6.0',sodium maleate (1400.0),,
13RA,1,0.9871589085072231,0.993,2.287e-218,2.0,41638277.0,"'VAPOR DIFFUSION, SITTING DROP'",6.0,291.0,"ZN, MLI, A1CW8",uni_pol,monomeric,,'1.4 M Sodium Maleate pH 6.0',sodium maleate (1400.0),,
13RC,1,0.9871589085072231,0.993,2.287e-218,2.28,41638277.0,"'VAPOR DIFFUSION, SITTING DROP'",6.0,291.0,"A1CXA, MLI, ZN",uni_pol,monomeric,,'1.4 M Sodium Maleate pH 6.0',sodium maleate (1400.0),,
7CJD,1,0.9871589085072231,0.996,2.287e-218,2.501,32895623.0,"'VAPOR DIFFUSION, HANGING DROP'",8.1,296.0,"ZN, EDO",uni_pol,tetrameric,,"'3%dextran sulfate sodium salt,0.1m Bicine ph8.5,15%PEG20000'","dextran sulfate sodium (3%), bicine (100.0), PEG 20000 (None)",20000,
7D47,1,0.9871589085072231,0.996,2.287e-218,1.97,,"'VAPOR DIFFUSION, SITTING DROP'",7.0,283.0,"ZN, CA",uni_pol,monomeric(*),,"'0.1M Tris 7 , 0.2M CaOAc, 18% PEG 8000'","tris (100.0), caoac (200.0), PEG 8000 (18%)",8000,18
9PUY,1,0.9871589085072231,0.993,2.287e-218,1.75,41521555.0,"'VAPOR DIFFUSION, HANGING DROP'",,291.0,"ZN, A1CLD, PO4, K",uni_pol,monomeric(*),,";0.2 mM sodium citrate and 15-25 % PEG-3350
27.7 mg/ml protein
1:1 drop ratio
;","sodium citrate (0.2), PEG 3350 (20.0%)",3350,20.0
9PVI,1,0.9871589085072231,0.993,2.287e-218,1.8,41521555.0,"'VAPOR DIFFUSION, HANGING DROP'",7.0,291.0,"ZN, A1CLO, EDO",uni_pol,monomeric,2-4,";50 mM HEPES pH = 7.0, Tryptone 2-4 % w/v and 10-16 % PEG-3350
12 mg/mL protein 
1:1 drop ratio
crystallization with weak affinity ligand then back soak with desired ligand for 2 days prior to freezing
;","HEPES (50.0), tryptone (None), PEG 3350 (13.0%), weak affinity (1), back (None), desired (None)",3350,13.0
9PV9,1,0.9871589085072231,0.993,2.287e-218,2.0,41521555.0,"'VAPOR DIFFUSION, HANGING DROP'",7.0,291.0,"ZN, GOL, A1CLP",uni_pol,monomeric,2-4,";50 mM HEPES pH = 7.0, Tryptone 2-4 % w/v and 10-16 % PEG-3350
12 mg/ mL portein
1:1 drop ratio
;","HEPES (50.0), tryptone (None), PEG 3350 (13.0%), mg/ (12), portein (3.0% w/v)",3350,13.0
9Z0C,1,0.9871589085072231,0.993,2.287e-218,1.9,41629155.0,"'VAPOR DIFFUSION, HANGING DROP'",7.0,291.0,"NA, EDO, A1CZV",uni_pol,monomeric,,";10-16 % PEG-3350, 2-4% Tryptone, 50 mM HEPES pH = 7.0
1:1 drop ratio
corcrystal:14 mg/mL protein incubated with 10 mM ligand 1 h before drop set up
;","PEG 3350 (13.0%), tryptone (3.0%), HEPES (50.0), corcrystal (1), h (1)",3350,13.0
9PV6,1,0.9871589085072231,0.993,2.287e-218,1.45,41521555.0,"'VAPOR DIFFUSION, HANGING DROP'",7.0,291.0,"ZN, EDO, NA, A1CLN",uni_pol,monomeric,2-4,";50 mM HEPES pH = 7.0, Tryptone 2-4 % w/v and 10-16 % PEG-3350
12 mg/mL protein
1:1 drop ratio
;","HEPES (50.0), tryptone (None), PEG 3350 (13.0%)",3350,13.0
13MK,1,0.9871589085072231,0.993,2.287e-218,2.26,41638277.0,"'VAPOR DIFFUSION, SITTING DROP'",6.0,291.0,"ZN, A1AYD, MLI",uni_pol,monomeric,,'1.4 M Sodium Maleate pH 6.0',sodium maleate (1400.0),,
13ML,1,0.9871589085072231,0.993,2.287e-218,2.16,41638277.0,"'VAPOR DIFFUSION, SITTING DROP'",6.0,291.0,"ZN, MLI, A1CT1",uni_pol,monomeric,,'1.4 M Sodium Maleate pH 6.0',sodium maleate (1400.0),,
13MM,1,0.9871589085072231,0.993,2.287e-218,2.14,41638277.0,"'VAPOR DIFFUSION, SITTING DROP'",6.0,291.0,"ZN, MLI, 6OT",uni_pol,monomeric,,'1.4 M Sodium Maleate pH 6.0',sodium maleate (1400.0),,
13MZ,1,0.9871589085072231,0.993,2.287e-218,2.09,41638277.0,"'VAPOR DIFFUSION, SITTING DROP'",6.0,291.0,"ZN, MLI, A1CUP",uni_pol,monomeric,,'1.4 M Sodium Maleate pH 6.0',sodium maleate (1400.0),,
13NC,1,0.9871589085072231,0.993,2.287e-218,1.94,41638277.0,"'VAPOR DIFFUSION, SITTING DROP'",6.0,291.0,"ZN, MLI, A1CUS",uni_pol,monomeric,,'1.4 M Sodium Maleate pH 6.0',sodium maleate (1400.0),,
13MT,1,0.9871589085072231,0.993,2.287e-218,1.94,41638277.0,"'VAPOR DIFFUSION, SITTING DROP'",6.0,291.0,"ZN, MLI, X4P",uni_pol,monomeric,,'1.4 M Sodium Maleate pH 6.0',sodium maleate (1400.0),,
13MV,1,0.9871589085072231,0.993,2.287e-218,2.47,41638277.0,"'VAPOR DIFFUSION, SITTING DROP'",6.0,291.0,"A1CUK, ZN",uni_pol,monomeric,,'1.4 M Sodium Maleate pH 6.0',sodium maleate (1400.0),,
13NI,1,0.9871589085072231,0.993,2.287e-218,1.94,41638277.0,"'VAPOR DIFFUSION, SITTING DROP'",6.0,291.0,"ZN, MLI, F2L",uni_pol,monomeric,,'1.4 M Sodium Maleate pH 6.0',sodium maleate (1400.0),,
13NJ,1,0.9871589085072231,0.993,2.287e-218,2.09,41638277.0,"'VAPOR DIFFUSION, SITTING DROP'",6.0,291.0,"ZN, MLI, XZT",uni_pol,monomeric,,'1.4 M Sodium Maleate pH 6.0',sodium maleate (1400.0),,
13OB,1,0.9871589085072231,0.993,2.287e-218,2.45,41638277.0,"'VAPOR DIFFUSION, SITTING DROP'",6.0,291.0,"ZN, MLI, A1CVB",uni_pol,monomeric,,'1.4 M Sodium Maleate pH 6.0',sodium maleate (1400.0),,
13OG,1,0.9871589085072231,0.993,2.287e-218,2.08,41638277.0,"'VAPOR DIFFUSION, SITTING DROP'",6.0,291.0,"V4X, MLI, ZN",uni_pol,monomeric,,'1.4 M Sodium Maleate pH 6.0',sodium maleate (1400.0),,
13NX,1,0.9871589085072231,0.993,2.287e-218,2.24,41638277.0,"'VAPOR DIFFUSION, SITTING DROP'",6.0,291.0,"ZN, MLI, A1CVA",uni_pol,monomeric,,'1.4 M Sodium Maleate pH 6.0',sodium maleate (1400.0),,
13OA,1,0.9871589085072231,0.993,2.287e-218,2.12,41638277.0,"'VAPOR DIFFUSION, SITTING DROP'",6.0,291.0,"ZN, MLI, A1AYG",uni_pol,monomeric,,'1.4 M Sodium Maleate pH 6.0',sodium maleate (1400.0),,
13OI,1,0.9871589085072231,0.993,2.287e-218,2.86,41638277.0,"'VAPOR DIFFUSION, SITTING DROP'",6.0,291.0,"A1CVH, ZN",uni_pol,monomeric,,'1.4 M Sodium Maleate pH 6.0',sodium maleate (1400.0),,
13OK,1,0.9871589085072231,0.993,2.287e-218,2.08,41638277.0,"'VAPOR DIFFUSION, SITTING DROP'",6.0,291.0,"A1CVF, MLI, ZN",uni_pol,monomeric,,'1.4 M Sodium Maleate pH 6.0',sodium maleate (1400.0),,
13OO,1,0.9871589085072231,0.993,2.287e-218,2.05,41638277.0,"'VAPOR DIFFUSION, SITTING DROP'",6.0,291.0,"ZN, MLI, A1CVP",uni_pol,monomeric,,'1.4 M Sodium Maleate pH 6.0',sodium maleate (1400.0),,
13OV,1,0.9871589085072231,0.993,2.287e-218,2.2,41638277.0,"'VAPOR DIFFUSION, SITTING DROP'",6.0,291.0,"A1CVX, MLI, ZN",uni_pol,monomeric,,'1.4 M Sodium Maleate pH 6.0',sodium maleate (1400.0),,
13OW,1,0.9871589085072231,0.993,2.287e-218,2.98,41638277.0,"'VAPOR DIFFUSION, SITTING DROP'",6.0,291.0,"ZN, A1CVW",uni_pol,monomeric,,'1.4 M Sodium Maleate pH 6.0',sodium maleate (1400.0),,
13PC,1,0.9871589085072231,0.993,2.287e-218,2.28,41638277.0,"'VAPOR DIFFUSION, SITTING DROP'",6.0,291.0,"ZN, MLI, A1CV0",uni_pol,monomeric,,'1.4 M Sodium Maleate pH 6.0',sodium maleate (1400.0),,
13PB,1,0.9871589085072231,0.993,2.287e-218,2.23,41638277.0,"'VAPOR DIFFUSION, SITTING DROP'",6.0,291.0,"A1AX0, ZN",uni_pol,monomeric,,'1.4 M Sodium Maleate pH 6.0',sodium maleate (1400.0),,
13PO,1,0.9871589085072231,0.993,2.287e-218,2.0,41638277.0,"'VAPOR DIFFUSION, SITTING DROP'",6.0,291.0,"MLI, A1CV7, ZN",uni_pol,monomeric,,'1.4 M Sodium Maleate pH 6.0',sodium maleate (1400.0),,
13QE,1,0.9871589085072231,0.993,2.287e-218,1.96,41638277.0,"'VAPOR DIFFUSION, SITTING DROP'",6.0,291.0,"ZN, MLI, A1AW5",uni_pol,monomeric,,'1.4 M Sodium Maleate pH 6.0',sodium maleate (1400.0),,
13PV,1,0.9871589085072231,0.993,2.287e-218,2.17,41638277.0,"'VAPOR DIFFUSION, SITTING DROP'",6.0,291.0,"ZN, UTG",uni_pol,monomeric,,'1.4 M Sodium Maleate pH 6.0',sodium maleate (1400.0),,
13QC,1,0.9871589085072231,0.993,2.287e-218,2.22,41638277.0,"'VAPOR DIFFUSION, SITTING DROP'",6.0,291.0,"ZN, A1CWI, MLI",uni_pol,monomeric,,'1.4 M Sodium Maleate pH 6.0',sodium maleate (1400.0),,
13QJ,1,0.9871589085072231,0.993,2.287e-218,2.58,41638277.0,"'VAPOR DIFFUSION, SITTING DROP'",6.0,291.0,"ZN, MLI, A1CWO",uni_pol,monomeric,,'1.4 M Sodium Maleate pH 6.0',sodium maleate (1400.0),,
13QL,1,0.9871589085072231,0.993,2.287e-218,2.24,41638277.0,"'VAPOR DIFFUSION, SITTING DROP'",6.0,291.0,"ZN, MLI, A1CWT",uni_pol,monomeric,,'1.4 M Sodium Maleate pH 6.0',sodium maleate (1400.0),,
13PS,1,0.9871589085072231,0.993,2.287e-218,2.41,41638277.0,"'VAPOR DIFFUSION, SITTING DROP'",6.0,291.0,"A1AX8, ZN",uni_pol,monomeric,,'1.4 M Sodium Maleate pH 6.0',sodium maleate (1400.0),,
13QN,1,0.9871589085072231,0.993,2.287e-218,2.9,41638277.0,"'VAPOR DIFFUSION, SITTING DROP'",6.0,291.0,"ZN, Y1H",uni_pol,monomeric,,'1.4 M Sodium Maleate pH 6.0',sodium maleate (1400.0),,
13QT,1,0.9871589085072231,0.993,2.287e-218,1.75,41638277.0,"'VAPOR DIFFUSION, SITTING DROP'",6.0,291.0,"ZN, MLI, A1CW1",uni_pol,monomeric,,'1.4 M Sodium Maleate pH 6.0',sodium maleate (1400.0),,
13RE,1,0.9871589085072231,0.993,2.287e-218,2.28,41638277.0,"'VAPOR DIFFUSION, SITTING DROP'",6.0,291.0,"A1CXC, MLI, ZN",uni_pol,monomeric,,'1.4 M Sodium Maleate pH 6.0',sodium maleate (1400.0),,
13RG,1,0.9871589085072231,0.993,2.287e-218,2.08,41638277.0,"'VAPOR DIFFUSION, SITTING DROP'",6.0,291.0,"ZN, A1CXE, MLI",uni_pol,monomeric,,'1.4 M Sodium Maleate pH 6.0',sodium maleate (1400.0),,
13QS,1,0.9871589085072231,0.993,2.287e-218,2.12,41638277.0,"'VAPOR DIFFUSION, SITTING DROP'",6.0,291.0,"ZN, MLI, A1CW0",uni_pol,monomeric,,'1.4 M Sodium Maleate pH 6.0',sodium maleate (1400.0),,
13RF,1,0.9871589085072231,0.993,2.287e-218,2.83,41638277.0,"'VAPOR DIFFUSION, SITTING DROP'",6.0,291.0,"A1CXD, ZN",uni_pol,monomeric,,'1.4 M Sodium Maleate pH 6.0',sodium maleate (1400.0),,
8JUX,1,0.9871589085072231,0.996,2.287e-218,3.2,,"'VAPOR DIFFUSION, SITTING DROP'",5.5,283.0,"MG, V00",uni_pol,monomeric(*),,"'0.05 M sodium cacodylate, pH5.5 , 0.1 M Magnesium acetate, 16% PEG6k'","sodium cacodylate (50.0), magnesium acetate (100.0), PEG 6000 (16%)",6000,16
9F7R,1,0.9871589085072231,0.996,2.287e-218,1.5,,"'VAPOR DIFFUSION, SITTING DROP'",4.5,288.0,"PO4, GOL, ZN",uni_pol,monomeric,,"'1.2M K2HPO4, 0.8M NaH2PO4, 0.1M sodium acetate'","potassium hydrogen phosphate (1200.0), sodium dihydrogen phosphate (800.0), sodium acetate (100.0)",,
7D6H,1,0.985553772070626,0.996,4.296e-218,1.6,33979649.0,"'VAPOR DIFFUSION, HANGING DROP'",4.5,289.0,"PO4, ZN",uni_pol,dimeric,,"'0.1 M acetate buffer pH 4.5, 0.8 M NaH2PO4/1.2M K2HPO4'","sodium acetate (100.0), nah2po4/12m k2hpo4 (800.0)",,
9BRW,1,0.9871589085072231,0.993,2.287e-218,2.5,39140055.0,"'VAPOR DIFFUSION, HANGING DROP'",,291.0,"A1ARL, ZN, CL",uni_pol,monomeric(*),,"'0.2M magnesium formate, 15-25% PEG3350'","magnesium formate (200.0), PEG 3350 (20.0%)",3350,20.0
9VAO,1,0.985553772070626,1.0,4.296e-218,1.82,41044763.0,"'VAPOR DIFFUSION, HANGING DROP'",8.0,277.0,"ZN, PO4, GOL",uni_pol,monomeric,,"'Tris buffer pH 8.0, Sodium dihydrogen phosphate/Potassium hydrogen phosphate'","tris (None), sodium dihydrogen phosphate (None), potassium hydrogen phosphate (None)",,
9M90,1,0.9839486356340289,0.996,1.106e-217,2.03,,EVAPORATION,6.0,277.0,"ZN, CL, A1EM7, DTT, MLI",uni_pol,dimeric,,'1.6 M Sodium Malonate Dibasic Monohydrate',,,
9M94,1,0.9839486356340289,0.996,1.106e-217,1.74,,EVAPORATION,6.0,277.0,"ZN, MLI, CL, A1EM8",uni_pol,dimeric,,'1.6 M Sodium Malonate Dibasic Monohydrate',,,
9M99,1,0.9839486356340289,0.996,1.106e-217,2.28,,EVAPORATION,6.0,277.0,"CL, ZN, MLI, A1EE6",uni_pol,dimeric,,'1.6 M Sodium Malonate Dibasic Monohydrate',,,
9M9J,1,0.9839486356340289,0.996,1.106e-217,2.01,,EVAPORATION,6.0,277.0,"ZN, MLI, A1ENE",uni_pol,dimeric,,'1.6 M Sodium Malonate Dibasic Monohydrate',,,
9M9L,1,0.9839486356340289,0.996,1.106e-217,2.07,,EVAPORATION,6.0,277.0,"ZN, CL, MLI, A1ENG",uni_pol,dimeric,,'1.6 M Sodium Malonate Dibasic Monohydrate',,,
9M95,1,0.9839486356340289,0.996,1.106e-217,1.74,,EVAPORATION,,277.0,"ZN, MLI, CL, DTT, A1EM9",uni_pol,dimeric,,'1.6 M Sodium Malonate Dibasic Monohydrate',,,
9MAF,1,0.9839486356340289,0.996,1.106e-217,2.04,,'VAPOR DIFFUSION',6.0,277.0,"DTT, DJP, MLI, CL, ZN",uni_pol,dimeric,,'1.6 M Sodium Malonate Dibasic Monohydrate pH 6.0',,,
9MAJ,1,0.9839486356340289,0.996,1.106e-217,2.65,,'VAPOR DIFFUSION',6.0,277.0,"ZN, E5X",uni_pol,dimeric,,'1.6 M Sodium Malonate Dibasic Monohydrate pH 6.0',,,
9M91,1,0.9839486356340289,0.996,1.106e-217,2.3,,EVAPORATION,6.0,277.0,"ZN, CL, BZX",uni_pol,dimeric,,'1.6 M Sodium Malonate Dibasic Monohydrate',,,
9M9A,1,0.9839486356340289,0.996,1.106e-217,2.36,,EVAPORATION,6.0,277.0,"ZN, 9VQ",uni_pol,dimeric,,'1.6 M Sodium Malonate Dibasic Monohydrate',,,
9M93,1,0.9839486356340289,0.996,1.106e-217,1.84,,EVAPORATION,6.0,277.0,"MLI, FB2, ZN",uni_pol,dimeric,,'1.6 M Sodium Malonate Dibasic Monohydrate',,,
9M9B,1,0.9839486356340289,0.996,1.106e-217,1.71,,EVAPORATION,6.0,277.0,"ZN, A1ENC, MLI, CL",uni_pol,dimeric,,'1.6 M Sodium Malonate Dibasic Monohydrate',,,
9M97,1,0.9839486356340289,0.996,1.106e-217,2.43,,EVAPORATION,6.0,277.0,"A1ENB, ZN",uni_pol,dimeric,,'1.6 M Sodium Malonate Dibasic Monohydrate',,,
9M9K,1,0.9839486356340289,0.996,1.106e-217,1.87,,EVAPORATION,,277.0,"ZN, A1ENF, MLI",uni_pol,dimeric,,'1.6 M Sodium Malonate Dibasic Monohydrate',,,
9MAL,1,0.9839486356340289,0.996,1.106e-217,2.15,,'VAPOR DIFFUSION',6.0,277.0,"ZN, CL, 8K2, MLI",uni_pol,dimeric,,";1.6 M Sodium Malonate Dibasic Monohydrate
pH 6.0
;",,,
9M96,1,0.9839486356340289,0.996,1.106e-217,1.78,,EVAPORATION,,277.0,"ZN, CL, MLI, A1ENA",uni_pol,dimeric,,'1.6 M Sodium Malonate Dibasic Monohydrate',,,
9MA9,1,0.9839486356340289,0.996,1.106e-217,2.2,,EVAPORATION,6.0,277.0,"MLI, DTT, A1ENJ, CL, ZN",uni_pol,dimeric,,'1.6 M Sodium Malonate Dibasic Monohydrate pH 6.0',,,
9M8Z,1,0.9839486356340289,0.996,1.106e-217,1.84,,EVAPORATION,6.0,277.0,"ZN, A1EM6",uni_pol,dimeric,,'1.6 M Sodium Malonate Dibasic Monohydrate',,,
9M92,1,0.9839486356340289,0.996,1.106e-217,2.2,,EVAPORATION,,277.0,"ZN, YRL",uni_pol,dimeric,,'1.6 M Sodium Malonate Dibasic Monohydrate',,,
9M9C,1,0.9839486356340289,0.996,1.106e-217,1.91,,EVAPORATION,6.0,277.0,"ZN, CL, A1END, DTT, MLI",uni_pol,dimeric,,'1.6 M Sodium Malonate Dibasic Monohydrate',,,
6YVA,1,0.9823434991974318,0.996,2.077e-217,3.18,32726803.0,"'VAPOR DIFFUSION, SITTING DROP'",6.5,293.0,ZN,complex,dimeric,,"'18% PEG4450, 100 mM bis-tris propane pH 6.5, 200 mM Potassium thiocyanate'","PEG 4450 (18%), bis-tris propane (100.0), potassium thiocyanate (200.0)",4450,18
9MAM,1,0.9839486356340289,0.996,1.106e-217,1.81,,EVAPORATION,6.0,277.0,"ZN, A1ENH, MLI",uni_pol,dimeric,,'1.6 M Sodium Malonate Dibasic Monohydrate',,,
9MAC,1,0.9839486356340289,0.996,1.106e-217,1.99,,EVAPORATION,6.0,277.0,"MLI, A1AYY, ZN",uni_pol,dimeric,,";1.6 M Sodium Malonate Dibasic Monohydrate
pH=6.0
;",,,
9MAB,1,0.9839486356340289,0.996,1.106e-217,2.18,,'VAPOR DIFFUSION',6.0,277.0,"A1EHF, ZN",uni_pol,dimeric,,'1.6 M Sodium Malonate Dibasic Monohydrate pH 6.0',,,
7JIV,1,0.9823434991974318,0.996,2.077e-217,2.05,33531496.0,"'VAPOR DIFFUSION, HANGING DROP'",6.0,277.0,"VBY, ZN, MES, CL, ACT",uni_pol,monomeric,,"'0.1 M MES buffer, 0.2 M zinc acetate, 10% PEG 8000, 4 mM PLP_Snyder530'","MES (100.0), zinc(II) acetate (200.0), PEG 8000 (10%), plp_snyder530 (4.0)",8000,10
9MAA,1,0.9839486356340289,0.996,1.106e-217,2.38,,EVAPORATION,6.0,277.0,"ZN, A1ENK, MLI",uni_pol,dimeric,,'1.6 M Sodium Malonate Dibasic Monohydrate',,,
8XTD,1,0.9823434991974318,0.996,2.077e-217,2.7,41527419.0,"'VAPOR DIFFUSION, SITTING DROP'",7.5,277.15,"GOL, 356",uni_pol,monomeric,7.5-9.0,"'0.1 M Tris-HCl (pH 7.5-9.0), 1.4 M NaH2PO4, 2-15% Glycerol'","tris-HCl (100.0), sodium dihydrogen phosphate (1400.0), glycerol (8.5%)",,
7E35,1,0.9823434991974318,0.996,2.077e-217,2.4,33979649.0,"'VAPOR DIFFUSION, SITTING DROP'",5.5,289.0,"GYX, ZN",uni_pol,dimeric,,"'0.1M sodium citrate tribasic dihydrate at pH 5.5, 16%(v/v) PEG 8000'","sodium citrate (100.0), PEG 8000 (16% v/v)",8000,16
7KOJ,1,0.9823434991974318,0.996,2.077e-217,2.02,,"'VAPOR DIFFUSION, HANGING DROP'",6.0,277.0,"UNX, ACT, MES, CL, ZN, Y94",uni_pol,monomeric,,"'0.1 M MES buffer, 0.2 M zinc acetate, 10% PEG 8000, 4 mM PLP_Snyder494'","MES (100.0), zinc(II) acetate (200.0), PEG 8000 (10%), plp_snyder494 (4.0)",8000,10
7SGV,1,0.9823434991974318,0.996,2.077e-217,2.0,,"'VAPOR DIFFUSION, SITTING DROP'",7.0,277.0,"L30, ZN, CL",uni_pol,monomeric,,"'3 M sodium chloride, 0.1 M Bis_tris buffer, pH 5.5'","sodium chloride (3000.0), bis-tris (100.0)",,
6XG3,1,0.9823434991974318,0.996,2.077e-217,2.48,33531496.0,"'VAPOR DIFFUSION, HANGING DROP'",4.5,277.0,"CL, PO4, ZN",uni_pol,monomeric(*),,"'0.1 M acetate buffer, 0.8 NaH2PO4/1.2 M K2HPO4'","sodium acetate (100.0), nah2po4/12 m k2hpo4 (0.8)",,
9BF7,1,0.9823434991974318,0.996,2.077e-217,1.68,40297819.0,"'VAPOR DIFFUSION, SITTING DROP'",7.0,277.15,"PO4, GOL, ACT, ZN",uni_pol,monomeric,,"'Monosodium phosphate, dipotassium phosphate, tris-HCl, sucrose'","monosodium phosphate (None), dipotassium phosphate (None), tris-HCl (None), sucrose (None)",,
7M1Y,1,0.9823434991974318,0.996,2.077e-217,2.02,,"'VAPOR DIFFUSION, SITTING DROP'",8.5,277.0,"9JT, CL, GOL, IOD, FMT, NA, ZN",uni_pol,monomeric(*),,"'0.1 M Tris-Cl, pH 8.5, 3.5 M sodium formate, 0.1 M sodium iodide, 4 mM ebselen'","tris-HCl (100.0), sodium formate (3500.0), sodium iodide (100.0), ebselen (4.0)",,
7RBS,1,0.9823434991974318,0.996,2.077e-217,2.98,37185902.0,"'VAPOR DIFFUSION, SITTING DROP'",7.5,289.0,ZN,complex,dimeric(*),,"'0.02 M MgCl2, 0.1 M HEPES buffer, 22% poly(acrylicacid sodium salt) 5100'","magnesium chloride (20.0), HEPES (100.0), sodium polyacrylate (22%)",,
7KOK,1,0.9823434991974318,0.996,2.077e-217,2.0,,"'VAPOR DIFFUSION, HANGING DROP'",6.0,277.0,"CL, ACT, MES, UNX, ZN, Y96",uni_pol,monomeric,,"'0.1 M MES buffer, 0.2 M zinc acetate, 10% PEG 8000, 4 mM PLP_Snyder496'","MES (100.0), zinc(II) acetate (200.0), PEG 8000 (10%), plp_snyder496 (4.0)",8000,10
7SQE,1,0.9823434991974318,0.996,2.077e-217,2.0,,"'VAPOR DIFFUSION, SITTING DROP'",7.5,277.0,"JWX, ZN, CL, EDO",uni_pol,monomeric(*),,"'0.2 M lithium citrate, 20% PEG3350'","lithium citrate (200.0), PEG 3350 (20%)",3350,20
7RBR,1,0.9823434991974318,0.996,2.077e-217,1.88,37185902.0,"'VAPOR DIFFUSION, SITTING DROP'",7.5,280.0,"ZN, CL, EDO",complex,dimeric,,"'0.2 M di-sodium tartrate, 20% PEG-3350,'","sodium tartrate (200.0), PEG 3350 (20%)",3350,20
7TZJ,1,0.9823434991974318,0.996,2.077e-217,2.66,35494659.0,"'VAPOR DIFFUSION, HANGING DROP'",5.46,281.0,"S88, DMS, ZN",uni_pol,monomeric(*),,";0.117 M Zinc acetate
21.6% PEG 8000
0.1 M bis-tris chloride (pH 5.46)
;","zinc(II) acetate (117.0), PEG 8000 (21.6%), bis-tris chloride (100.0)",8000,21.6
8FWN,1,0.9823434991974318,0.996,2.077e-217,1.5,,"'VAPOR DIFFUSION, SITTING DROP'",4.5,277.0,"PO4, GOL, ACT, CL, ZN",uni_pol,monomeric,,"'100 mM Sodium acetate, 0.8 M Monosodium phosphate, 1.2 M Dipotassium hydrogen phosphate'","sodium acetate (100.0), monosodium phosphate (800.0), potassium hydrogen phosphate (1200.0)",,
8YX5,1,0.9823434991974318,0.996,2.077e-217,1.74,39580525.0,"'VAPOR DIFFUSION, SITTING DROP'",7.6,298.0,"A1LZ8, ZN, GOL",uni_pol,monomeric(*),,"'0.03 M Citric acid, 0.07 M BIS-TRIS propane)/pH 7.6, 20% w/v PEG 3350'","citric acid (30.0), bis-tris propane/ph (70.0), PEG 3350 (20% w/v)",3350,20
8YX4,1,0.9823434991974318,0.996,2.077e-217,2.28,39580525.0,"'VAPOR DIFFUSION, SITTING DROP'",7.5,298.0,"A1LZ6, GOL, ZN, CL, CD",uni_pol,monomeric,,"'5 mM CoCl2.6H2O, 5 mM NiCl2.6H2O, 5 mM CdCl2.H2O, 5 mM MgCl2.6H2O, 0.1 M HEPES pH 7.5, 12% w/v PEG 3350'","cocl26h2o (5.0), nicl26h2o (5.0), cdcl2h2o (5.0), magnesium chloride (5.0), HEPES (100.0), PEG 3350 (12% w/v)",3350,12
9CSY,1,0.9823434991974318,0.996,2.077e-217,2.595,39213347.0,"'VAPOR DIFFUSION, SITTING DROP'",5.0,293.15,"A1AZ1, TFA, ZN",uni_pol,monomeric(*),,"'0.1 M Sodium citrate tribasic dihydrate pH 5.0, 30% v/v Jeffamine ED-2001 pH 7.0'","sodium citrate (100.0), jeffamine ed-2001 (30% v/v)",,
9F7S,1,0.9823434991974318,0.99,3.902e-217,1.8,,"'VAPOR DIFFUSION, SITTING DROP'",6.0,288.0,"MLI, CL, NA, PEG, ZN",uni_pol,monomeric,,"'1.4 M sodium malonate, 5% PEG300'","sodium malonate (1400.0), PEG 300 (5%)",300,5
9CYD,1,0.9823434991974318,0.996,2.077e-217,2.8,40180914.0,"'VAPOR DIFFUSION, SITTING DROP'",7.6,277.0,"A1A0U, ZN, CL",uni_pol,monomeric,,";0.3 M Sodium Malonate
6% w/v PGA-LM
0.05 mM Zinc Chloride
0.1 M Tris pH 7.6
;","sodium malonate (300.0), pga-lm (6% w/v), zinc(II) chloride (0.05), tris (100.0)",,
13QX,1,0.9823434991974318,0.99,2.077e-217,2.21,41638277.0,"'VAPOR DIFFUSION, SITTING DROP'",6.0,291.0,"ZN, MLI, A1CW5",uni_pol,monomeric,,'1.4 M Sodium Maleate pH 6.0',sodium maleate (1400.0),,
7CJM,1,0.9823434991974318,0.996,2.077e-217,3.2,33473130.0,"'VAPOR DIFFUSION, SITTING DROP'",7.5,283.0,"TTT, ZN",uni_pol,monomeric,,";12% PEG 3350, 0.1M Tris pH 7.5, 0.005M Cobalt(II) chloride hexahydrate, 0.005M Cadmium chloride hemi(pentahydrate), 0.005M Magnesium chloride hexahydrate, 0.005M Nickel(II) chloride hexahydrate
;","PEG 3350 (12%), tris (100.0), cobalt(II) chloride (5.0), cadmium chloride hemipentahydrate (5.0), magnesium chloride (5.0), nickel(II) chloride (5.0)",3350,12
7KRX,1,0.9823434991974318,0.996,2.077e-217,2.72,,"'VAPOR DIFFUSION, HANGING DROP'",6.0,277.0,"Y41, CL, UNX, ACT, ZN",uni_pol,monomeric,,"'0.1 M MES buffer pH 6.0, 0.2 M zinc acetate, 10% PEG 8000, 4 mM PLP_Snyder441'","MES (100.0), zinc(II) acetate (200.0), PEG 8000 (10%), plp_snyder441 (4.0)",8000,10
7JIR,1,0.9823434991974318,0.996,2.077e-217,2.09,33531496.0,"'VAPOR DIFFUSION, HANGING DROP'",6.0,277.0,"TTT, ZN, CL, ACT, MES",uni_pol,monomeric,,"'0.1 M MES buffer, 0.2 M zinc acetate, 10% PEG 8000, 4 mM PLP_Snyder457'","MES (100.0), zinc(II) acetate (200.0), PEG 8000 (10%), plp_snyder457 (4.0)",8000,10
7JIT,1,0.9823434991974318,0.996,2.077e-217,1.95,33531496.0,"'VAPOR DIFFUSION, HANGING DROP'",6.0,277.0,"Y95, CL, MES, ACT, ZN",uni_pol,monomeric,,"'0.1 M MES buffer, 0.2 M zinc acetate, 10% PEG 8000, 4 mM PLP_Snyder495'","MES (100.0), zinc(II) acetate (200.0), PEG 8000 (10%), plp_snyder495 (4.0)",8000,10
6WRH,1,0.9823434991974318,0.996,2.077e-217,1.6,33531496.0,"'VAPOR DIFFUSION, SITTING DROP'",4.5,277.0,"ZN, PO4, CL, GOL",uni_pol,monomeric,,"'0.1 M Acetate buffer, 0.8 M NaH2PO4 / 1.2 M K2HPO4'","sodium acetate (100.0), sodium dihydrogen phosphate (800.0), potassium hydrogen phosphate (1200.0)",,
7SGU,1,0.9823434991974318,0.996,2.077e-217,1.79,,"'VAPOR DIFFUSION, SITTING DROP'",4.5,277.0,"9EI, CL, FMT, ZN",uni_pol,monomeric,,"'0.1 M sodium acetate pH 4.5, 2 M sodium formate, 4 mM PLP_Snyder608'","sodium acetate (100.0), sodium formate (2000.0), plp_snyder608 (4.0)",,
8X1X,1,0.9823434991974318,0.996,2.077e-217,2.3,41527419.0,"'VAPOR DIFFUSION, SITTING DROP'",7.5,277.15,"4OA, GOL, NA",uni_pol,monomeric,7.5-9.0,"'0.1 M Tris-HCl (pH 7.5-9.0), 1.4 M NaH2PO4,  2-15% Glycerol'","tris-HCl (100.0), sodium dihydrogen phosphate (1400.0), glycerol (8.5%)",,
8ZSE,1,0.9823434991974318,0.996,2.077e-217,2.8,,"'VAPOR DIFFUSION, HANGING DROP'",,277.0,"ZN, A1L2A",uni_pol,monomeric(*),,"'0.05 M Zinc acetate dihydrate, 20% w/v Polyethylene glycol 3,350'","zinc(II) acetate (50.0), PEG 3350 (20% w/v)",3350,20
8YX2,1,0.9823434991974318,0.996,2.077e-217,2.31,39580525.0,"'VAPOR DIFFUSION, SITTING DROP'",7.5,298.0,"ZN, A1LZ5",uni_pol,monomeric(*),,"'0.2 M Lithium sulfate monohydrate, 0.1M HEPES pH7.5, 25% w/v PEG 3350'","lithium sulfate (200.0), HEPES (100.0), PEG 3350 (25% w/v)",3350,25
8YX3,1,0.9823434991974318,0.996,2.077e-217,2.6,39580525.0,"'VAPOR DIFFUSION, SITTING DROP'",7.6,298.0,A1LZ7,uni_pol,monomeric(*),,"'0.03 M Citric acid, 0.07 M BIS-TRIS propane)/pH 7.6, 20% w/v PEG 3350'","citric acid (30.0), bis-tris propane/ph (70.0), PEG 3350 (20% w/v)",3350,20
9CYB,1,0.9823434991974318,0.996,2.077e-217,1.98,40180914.0,"'VAPOR DIFFUSION, SITTING DROP'",5.72,281.0,"A1A0T, SIN",uni_pol,monomeric(*),,";0.2 M Sodium Succinate
10% PEG 8000 (w/v)
0.1 M trisodium citrate-citric acid pH 5.72
;","sodium succinate (200.0), PEG 8000 (10% w/v), trisodium citrate-citric acid (100.0)",8000,10
9CYK,1,0.9823434991974318,0.996,2.077e-217,1.88,40180914.0,"'VAPOR DIFFUSION, SITTING DROP'",5.97,281.0,"A1A0V, ACY, GOL",uni_pol,dimeric,,";0.2 M Lithium Acetate
10% w/v PEG 8000
0.1 M trisodium citrate-citric acid pH 5.97
0.44 mM Inhibitor
;","lithium acetate (200.0), PEG 8000 (10% w/v), trisodium citrate-citric acid (100.0)",8000,10
9CYC,1,0.9823434991974318,0.996,2.077e-217,2.01,40180914.0,"'VAPOR DIFFUSION, SITTING DROP'",5.4,281.0,"GOL, ACY, A1A0S",uni_pol,monomeric(*),,";0.2 M Sodium Acetate
10% PEG 8000 (w/v)
0.1 M trisodium citrate-citric acid pH 5.4
;","sodium acetate (200.0), PEG 8000 (10% w/v), trisodium citrate-citric acid (100.0)",8000,10
9F7T,1,0.9823434991974318,0.99,3.902e-217,2.05,,"'VAPOR DIFFUSION, SITTING DROP'",8.0,288.0,"PEG, NA, ZN, CL",uni_pol,dimeric,,"'4M sodium chloride, 0.1M TRIS'","sodium chloride (4000.0), tris (100.0)",,
7UV5,1,0.9791332263242376,0.993,1.004e-216,1.45,37185902.0,"'VAPOR DIFFUSION, HANGING DROP'",7.5,289.0,"ZN, EDO",complex,trimeric,,"'0.2 M sodium tartrate, 15% PEG3350'","sodium tartrate (200.0), PEG 3350 (15%)",3350,15
7YBG,1,0.9791332263242376,0.996,1.004e-216,1.9,,"'VAPOR DIFFUSION, SITTING DROP'",,277.0,"DTT, MLA, ZN, NA, CL",uni_pol,monomeric,,'1.4 M sodium malonate dibasic monohydrate',sodium malonate dibasic (1400.0),,
9VWY,1,0.9791332263242376,0.996,1.004e-216,1.83,,"'VAPOR DIFFUSION, HANGING DROP'",8.0,277.0,"ZN, PO4, GOL, CL",uni_pol,monomeric,,"'Tris buffer pH 8.0, Sodium dihydrogen phosphate/Potassium hydrogen phosphate'","tris (None), sodium dihydrogen phosphate (None), potassium hydrogen phosphate (None)",,
7D7K,1,0.9743178170144462,0.996,1.25e-215,1.9,33864621.0,EVAPORATION,8.0,293.0,"CFF, EDO, SO4, ZN",uni_pol,monomeric(*),,"'0.1M Tris pH 8.0, 2.0M Ammonium sulfate, 0.033% w/v Caffeine, 0.033% w/v Dithioerythritol, 0.033% w/v L-Methionine'","tris (100.0), ammonium sulfate (2000.0), caffeine (0.033% w/v), dithioerythritol (0.033% w/v), l-methionine (0.033% w/v)",,
7D7L,1,0.9743178170144462,0.996,1.25e-215,2.11,33864621.0,EVAPORATION,8.0,293.0,"ZN, CFF, GXU, SO4, GOL",uni_pol,monomeric(*),,"'0.1M Tris pH 8.0, 2.0M Ammonium sulfate, 0.033% w/v Caffeine, 0.033% w/v Dithioerythritol, 0.033% w/v L-Methionine'","tris (100.0), ammonium sulfate (2000.0), caffeine (0.033% w/v), dithioerythritol (0.033% w/v), l-methionine (0.033% w/v)",,
9PUH,1,0.9727126805778491,0.993,2.348e-215,2.39,41521555.0,"'VAPOR DIFFUSION, HANGING DROP'",,291.0,"A1CLE, ZN",uni_pol,monomeric(*),,";0.2 mM sodium citrate and 15-25 % PEG-3350
27.7 mg/mL protein
1:1 drop ratio
;","sodium citrate (0.2), PEG 3350 (20.0%)",3350,20.0
9PUJ,1,0.9727126805778491,0.993,2.348e-215,2.0,41521555.0,"'VAPOR DIFFUSION, HANGING DROP'",,291.0,"ZN, A1CLF",uni_pol,monomeric,,";0.2 mM sodium citrate and 15-25 % PEG-3350
27.7 mg/mL protein
1:1 drop ratio
;","sodium citrate (0.2), PEG 3350 (20.0%)",3350,20.0
9U7D,1,0.9727126805778491,0.996,2.348e-215,2.7,,"'VAPOR DIFFUSION, SITTING DROP'",6.0,277.0,"A1EOE, PEG, CL, ZN",uni_pol,dimeric,,"'6% (w/v) PEG8000, 100 mM MES/Sodium hydroxide pH 6.0, 200 mM zinc acetate and 20% PEG400'","PEG 8000 (6% w/v), mes/sodium hydroxide (100.0), zinc(II) acetate (200.0), PEG 400 (20%)",8000;400,6;20
9F7Y,1,0.9695024077046549,0.981,1.556e-214,1.8,,"'VAPOR DIFFUSION, HANGING DROP'",7.0,288.0,"ZN, MLA, NA, CL",uni_pol,monomeric,,"'1.4 M sodium malonate, 0.1 M sodium succinate'","sodium malonate (1400.0), sodium succinate (100.0)",,
9F7U,1,0.9695024077046549,0.981,1.556e-214,1.6,,"'VAPOR DIFFUSION, SITTING DROP'",6.0,288.0,"MLA, GOL, CL, NA",uni_pol,monomeric,,'1.6 M sodium malonate',sodium malonate (1600.0),,
7LFV,1,0.8186195826645265,0.829,5.823e-182,2.23,34547223.0,"'VAPOR DIFFUSION, SITTING DROP'",,291.0,"ZN, EDO, SO4, CL, NH4",complex,dimeric(*),,"'0.2 M ammonium sulfate, 16% w/v polyethylene glycol 3350'","ammonium sulfate (200.0), PEG 3350 (16% w/v)",3350,16
4OW0,1,0.8138041733547352,0.828,5.284e-181,2.1,24568342.0,"'VAPOR DIFFUSION, SITTING DROP'",5.5,293.0,"ZN, S88, DMS, GOL",uni_pol,monomeric(*),,"'100 mM sodium citrate, pH 5.5, 40% (v/v) PEG 600'","sodium citrate (100.0), PEG 600 (40% v/v)",600,40
5E6J,1,0.8186195826645265,0.829,5.823e-182,2.85,27203180.0,"'VAPOR DIFFUSION, HANGING DROP'",5.5,285.0,"ACT, NI",complex,trimeric(*),,"'0.1 M MES, 0.1 M lithium acetate, 17% PEG 6000'","MES (100.0), lithium acetate (100.0), PEG 6000 (17%)",6000,17
5TL6,1,0.8138041733547352,0.828,5.284e-181,2.618,28438633.0,"'VAPOR DIFFUSION, HANGING DROP'",6.5,293.0,"ZN, SO4",complex,dimeric(*),,"'0.1 M lithium sulfate, 0.1 M Bis-tris [pH 6.5], 22% PEG 3350, supplemented with 30% (v/v) glycerol additive in a 1:5 dilution'","lithium sulfate (100.0), bis-tris (100.0), PEG 3350 (22%), glycerol (30% v/v)",3350,22
4MM3,2,0.8138041733547352,0.828,5.284e-181,2.752,24854014.0,"'VAPOR DIFFUSION, HANGING DROP'",7.5,277.0,ZN,complex,dimeric,,"'0.1 M HEPES, pH 7.5, 10% isopropanol, 20% PEG4000, VAPOR DIFFUSION, HANGING DROP, temperature 277K'","HEPES (100.0), isopropyl alcohol (10%), PEG 4000 (20%)",4000,20
3E9S,1,0.8138041733547352,0.828,5.284e-181,2.5,,"'VAPOR DIFFUSION, SITTING DROP'",7.5,298.0,"TTT, ZN, CL",uni_pol,monomeric,,";16h incubation of 8 mg/mL PLpro (in 20 mM Tris pH 7.5, 10 mM DTT) with 
200 uM inhibitor at 4  C. Precipitant: 1M LiCl2, 0.1M MES pH 6.0, 
30% PEG 6000. Cryo solution: well solution, 400 uM inhibitor, 16% glycerol, VAPOR DIFFUSION, Sitting DROP, temperature 298K
;","lithium chloride (1000.0), MES (100.0), PEG 6000 (30%)",6000,30
3MJ5,1,0.8138041733547352,0.828,5.284e-181,2.63,20527968.0,"'VAPOR DIFFUSION, SITTING DROP'",6.5,298.0,"GRM, ZN",uni_pol,monomeric(*),,";Diffraction-quality crystals grew from a sitting drop containing 5 mg/mL PLpro, 1 mM inhibitor, 1 M (NH4)2SO4, 50 mM MES, pH 6.5, and 2.5% PEG 400., VAPOR DIFFUSION, SITTING DROP, temperature 298K
;","diffraction-quality (None), plpro (5), ammonium sulfate (1000.0), MES (50.0), PEG 400 (2.5%)",400,2.5
7LFU,1,0.8186195826645265,0.829,5.823e-182,2.29,34547223.0,"'VAPOR DIFFUSION, SITTING DROP'",,291.0,"UB4, ACE, DPP, GVE",complex,dimeric,,"'0.2 M sodium thiocyanate, and 20% w/v polyethylene glycol 3350'","sodium thiocyanate (200.0), PEG 3350 (20% w/v)",3350,20
5Y3Q,1,0.8105939004815409,0.828,2.554e-180,1.65,29289665.0,"'VAPOR DIFFUSION, SITTING DROP'",8.0,295.0,"BME, NA, GOL, ZN",uni_pol,monomeric,,"'PEG3350, Bis-Tris propane/citric acid'","PEG 3350 (None), bis-tris propane/citric acid (None)",3350,
4OVZ,1,0.8138041733547352,0.828,5.284e-181,2.5,24568342.0,"'VAPOR DIFFUSION, SITTING DROP'",5.5,293.0,"ZN, P85, NA, DMS",complex,monomeric(*),,"'100 mM sodium citrate, pH 5.5, 40% (v/v) PEG 600'","sodium citrate (100.0), PEG 600 (40% v/v)",600,40
4OVZ,2,0.8138041733547352,0.828,5.284e-181,2.5,24568342.0,"'VAPOR DIFFUSION, SITTING DROP'",5.5,293.0,"ZN, P85, NA, DMS",complex,monomeric(*),,"'100 mM sodium citrate, pH 5.5, 40% (v/v) PEG 600'","sodium citrate (100.0), PEG 600 (40% v/v)",600,40
5TL7,2,0.8138041733547352,0.828,5.284e-181,2.44,28438633.0,"'VAPOR DIFFUSION, HANGING DROP'",8.0,293.0,ZN,complex,dimeric(*),,"'65% (v/v) MPD, 0.1 M Tris [pH 8.0], supplemented with 30% (w/v) Trimethylamine N-oxide dihydrate additive in a 1:5 dilution'","MPD (65% v/v), tris (100.0), trimethylamine n-oxide (30% w/v)",,
4M0W,1,0.812199036918138,0.825,1.36e-180,1.4,24531491.0,"'VAPOR DIFFUSION, SITTING DROP'",9.5,295.0,"ZN, NA, NHE, GOL",complex,dimeric,,"'18% PEG 3000, 0.1M CHES, pH 9.5, VAPOR DIFFUSION, SITTING DROP, temperature 295K'","PEG 3000 (18%), CHES (100.0)",3000,18
7SKQ,1,0.8105939004815409,0.822,2.554e-180,3.16,35199517.0,"'VAPOR DIFFUSION, HANGING DROP'",,295.0,"ZN, TTT",uni_pol,dimeric,,"'0.2M Ammonium Acetate, 20% PEG 1000'","ammonium acetate (200.0), PEG 1000 (20%)",1000,20
2FE8,1,0.8105939004815409,0.828,2.554e-180,1.85,16581910.0,,5.2,295.0,"ZN, BR, SO4",uni_pol,monomeric(*),,"'1.3 M ammonium sulfate, 100 mM sodium citrate, pH 5.2, VAPOR DIFFUSION, HANGING DROP, temperature 295K, pH 5.20'","ammonium sulfate (1300.0), sodium citrate (100.0)",,
7SKR,1,0.8105939004815409,0.822,2.554e-180,2.89,35199517.0,"'VAPOR DIFFUSION, HANGING DROP'",8.5,279.0,"9OZ, DMS, ZN",uni_pol,dimeric,,"'0.1 M Tris-HCl pH 8.5, 0.6M sodium fluoride'","tris-HCl (100.0), sodium fluoride (600.0)",,
9CEH,1,0.7993579454253612,0.825,7.415e-178,3.25,41256988.0,"'VAPOR DIFFUSION, HANGING DROP'",,295.0,A1AWG,uni_pol,dimeric,,"'16% (w/v) PEG 8000, 40 mM Potassium phosphate monobasic, 20% (v/v) Glycerol'","PEG 8000 (16% w/v), potassium dihydrogen phosphate (40.0), glycerol (20% v/v)",8000,16
5Y3E,1,0.8105939004815409,0.828,2.554e-180,1.65,29289665.0,"'VAPOR DIFFUSION, SITTING DROP'",8.0,295.0,"GOL, NA, ZN",uni_pol,monomeric,,"'PEG8000, HEPES'","PEG 8000 (None), HEPES (None)",8000,
7THH,1,0.12199036918138041,0.983,2.532e-32,1.32,,"'VAPOR DIFFUSION, SITTING DROP'",7.6,289.0,"CL, P6G, EDO, IOD",uni_pol,monomeric(*),,"'0.2 M ammonium iodide, 20% PEG 3350'","ammonium iodide (200.0), PEG 3350 (20%)",3350,20
